author,views
Alex Haley,761.0
Alex Haley,806.0
Alex Haley,724.1
Alex Haley,1141.5
Alex Haley,642.2
Alex Haley,629.1
Alex Haley,830.5
Alex Haley,1561.4
Alex Haley,878.7
Alex Haley,893.4
Alex Haley,2921.7
Alex Haley,7801.9
Alex Haley,1314.8
Alex Haley,1016.9
Alex Haley,984.2
Alex Haley,735.7
Alex Haley,938.7
Alex Haley,740.1
Alex Haley,955.2
Alex Haley,3160.8
Alex Haley,1713.9
Alex Haley,742.0
Alex Haley,714.9
Alex Haley,534.2
Alex Haley,582.2
Alex Haley,661.9
Alex Haley,908.4
Alex Haley,674.9
Alex Haley,647.4
Alex Haley,555.4
Alex Haley,686.1
Alex Haley,2122.0
Alex Haley,759.4
Alex Haley,745.7
Alex Haley,579.6
Alex Haley,516.0
Alex Haley,563.7
Alex Haley,555.5
Alex Haley,511.1
Alex Haley,492.5
Alex Haley,540.7
Alex Haley,630.4
Alex Haley,613.2
Alex Haley,1887.3
Alex Haley,679.8
Alex Haley,831.8
Alex Haley,571.7
Alex Haley,510.0
Alex Haley,519.5
Alex Haley,677.3
Alex Haley,479.0
Alex Haley,476.0
Alex Haley,713.1
Alex Haley,539.8
Alex Haley,589.2
Alex Haley,1700.4
Alex Haley,601.4
Alex Haley,675.0
Alex Haley,679.0
Alex Haley,1390.4
Alex Haley,1000.4
Alex Haley,736.6
Alex Haley,567.3
Alex Haley,526.4
Alex Haley,576.6
Alex Haley,595.0
Alex Haley,950.7
Alex Haley,1826.8
Alex Haley,913.6
Alex Haley,687.5
Alex Haley,612.0
Alex Haley,541.0
Alex Haley,534.0
Alex Haley,735.3
Alex Haley,507.8
Alex Haley,498.5
Alex Haley,467.9
Alex Haley,568.2
Alex Haley,653.2
Alex Haley,1089.8
Alex Haley,671.0
Alice Walker,892.8
Alice Walker,929.6
Alice Walker,1160.2
Alice Walker,1185.1
Alice Walker,1300.4
Alice Walker,1192.8
Alice Walker,1326.4
Alice Walker,2023.3
Alice Walker,1444.5
Alice Walker,1406.4
Alice Walker,1237.5
Alice Walker,1217.5
Alice Walker,983.2
Alice Walker,945.8
Alice Walker,1274.0
Alice Walker,1204.9
Alice Walker,1225.1
Alice Walker,1097.3
Alice Walker,1309.6
Alice Walker,1917.3
Alice Walker,1524.7
Alice Walker,1248.6
Alice Walker,1153.0
Alice Walker,967.4
Alice Walker,902.9
Alice Walker,966.3
Alice Walker,1089.3
Alice Walker,1285.0
Alice Walker,1260.3
Alice Walker,1220.4
Alice Walker,1508.5
Alice Walker,1843.7
Alice Walker,1496.0
Alice Walker,1512.1
Alice Walker,1350.9
Alice Walker,1207.2
Alice Walker,1089.0
Alice Walker,1294.3
Alice Walker,1473.3
Alice Walker,2026.0
Alice Walker,1560.5
Alice Walker,2292.8
Alice Walker,1429.1
Alice Walker,1781.8
Alice Walker,1397.3
Alice Walker,1218.9
Alice Walker,1126.4
Alice Walker,1026.3
Alice Walker,1113.8
Alice Walker,1623.5
Alice Walker,1241.1
Alice Walker,1211.5
Alice Walker,1223.3
Alice Walker,1067.2
Alice Walker,1254.7
Alice Walker,1686.9
Alice Walker,1336.6
Alice Walker,1544.6
Alice Walker,1516.8
Alice Walker,2449.2
Alice Walker,2414.8
Alice Walker,1471.5
Alice Walker,1603.4
Alice Walker,1436.3
Alice Walker,1654.1
Alice Walker,1213.4
Alice Walker,2080.1
Alice Walker,2213.0
Alice Walker,1842.0
Alice Walker,1557.8
Alice Walker,1378.0
Alice Walker,1218.8
Alice Walker,1280.2
Alice Walker,1195.2
Alice Walker,1198.1
Alice Walker,1261.9
Alice Walker,1139.3
Alice Walker,1119.3
Alice Walker,1219.2
Alice Walker,1947.7
Alice Walker,1513.0
Ann Petry,23.5
Ann Petry,20.2
Ann Petry,26.9
Ann Petry,34.2
Ann Petry,31.0
Ann Petry,26.8
Ann Petry,33.5
Ann Petry,44.0
Ann Petry,36.9
Ann Petry,35.6
Ann Petry,23.9
Ann Petry,17.4
Ann Petry,18.6
Ann Petry,20.2
Ann Petry,27.7
Ann Petry,34.8
Ann Petry,33.7
Ann Petry,28.8
Ann Petry,32.3
Ann Petry,50.2
Ann Petry,36.5
Ann Petry,32.4
Ann Petry,24.9
Ann Petry,19.3
Ann Petry,19.2
Ann Petry,19.2
Ann Petry,26.0
Ann Petry,39.5
Ann Petry,30.3
Ann Petry,25.0
Ann Petry,30.6
Ann Petry,40.6
Ann Petry,34.8
Ann Petry,36.4
Ann Petry,33.8
Ann Petry,21.0
Ann Petry,27.0
Ann Petry,23.0
Ann Petry,27.3
Ann Petry,40.3
Ann Petry,81.1
Ann Petry,30.6
Ann Petry,34.3
Ann Petry,57.4
Ann Petry,38.6
Ann Petry,50.1
Ann Petry,34.1
Ann Petry,22.7
Ann Petry,25.5
Ann Petry,23.6
Ann Petry,28.7
Ann Petry,43.0
Ann Petry,40.9
Ann Petry,41.7
Ann Petry,47.6
Ann Petry,74.6
Ann Petry,43.6
Ann Petry,44.2
Ann Petry,96.2
Ann Petry,76.7
Ann Petry,59.1
Ann Petry,87.8
Ann Petry,62.9
Ann Petry,56.8
Ann Petry,43.9
Ann Petry,31.5
Ann Petry,43.7
Ann Petry,64.6
Ann Petry,62.5
Ann Petry,44.4
Ann Petry,38.6
Ann Petry,33.2
Ann Petry,34.4
Ann Petry,37.3
Ann Petry,34.0
Ann Petry,44.8
Ann Petry,32.4
Ann Petry,24.8
Ann Petry,32.9
Ann Petry,49.4
Ann Petry,37.0
Barbara Neely,7.9
Barbara Neely,6.6
Barbara Neely,7.8
Barbara Neely,6.7
Barbara Neely,7.6
Barbara Neely,7.2
Barbara Neely,6.6
Barbara Neely,14.8
Barbara Neely,9.9
Barbara Neely,6.7
Barbara Neely,7.5
Barbara Neely,10.6
Barbara Neely,6.8
Barbara Neely,8.3
Barbara Neely,7.9
Barbara Neely,8.2
Barbara Neely,6.5
Barbara Neely,6.3
Barbara Neely,7.1
Barbara Neely,8.3
Barbara Neely,7.6
Barbara Neely,8.2
Barbara Neely,7.1
Barbara Neely,6.1
Barbara Neely,6.5
Barbara Neely,7.1
Barbara Neely,8.3
Barbara Neely,9.0
Barbara Neely,10.8
Barbara Neely,6.9
Barbara Neely,8.1
Barbara Neely,8.1
Barbara Neely,7.8
Barbara Neely,8.2
Barbara Neely,6.7
Barbara Neely,4.8
Barbara Neely,6.5
Barbara Neely,6.0
Barbara Neely,7.3
Barbara Neely,7.1
Barbara Neely,7.2
Barbara Neely,6.1
Barbara Neely,6.1
Barbara Neely,10.6
Barbara Neely,5.9
Barbara Neely,7.2
Barbara Neely,10.8
Barbara Neely,6.8
Barbara Neely,6.7
Barbara Neely,6.6
Barbara Neely,5.8
Barbara Neely,6.5
Barbara Neely,8.3
Barbara Neely,11.9
Barbara Neely,10.0
Barbara Neely,10.1
Barbara Neely,215.9
Barbara Neely,34.7
Barbara Neely,22.7
Barbara Neely,34.1
Barbara Neely,28.5
Barbara Neely,26.0
Barbara Neely,26.6
Barbara Neely,20.5
Barbara Neely,20.5
Barbara Neely,18.3
Barbara Neely,18.8
Barbara Neely,23.7
Barbara Neely,25.7
Barbara Neely,19.9
Barbara Neely,14.5
Barbara Neely,17.1
Barbara Neely,18.0
Barbara Neely,21.9
Barbara Neely,17.6
Barbara Neely,14.8
Barbara Neely,9.6
Barbara Neely,8.9
Barbara Neely,12.2
Barbara Neely,13.8
Barbara Neely,13.0
Charles Chesnutt,5.4
Charles Chesnutt,5.8
Charles Chesnutt,7.7
Charles Chesnutt,6.1
Charles Chesnutt,6.4
Charles Chesnutt,5.3
Charles Chesnutt,5.6
Charles Chesnutt,7.9
Charles Chesnutt,6.3
Charles Chesnutt,5.3
Charles Chesnutt,5.6
Charles Chesnutt,4.9
Charles Chesnutt,4.0
Charles Chesnutt,5.4
Charles Chesnutt,5.8
Charles Chesnutt,5.4
Charles Chesnutt,8.5
Charles Chesnutt,5.8
Charles Chesnutt,6.8
Charles Chesnutt,5.9
Charles Chesnutt,4.7
Charles Chesnutt,5.9
Charles Chesnutt,5.4
Charles Chesnutt,4.3
Charles Chesnutt,3.4
Charles Chesnutt,3.6
Charles Chesnutt,3.2
Charles Chesnutt,4.2
Charles Chesnutt,4.6
Charles Chesnutt,7.7
Charles Chesnutt,6.6
Charles Chesnutt,4.8
Charles Chesnutt,4.5
Charles Chesnutt,4.1
Charles Chesnutt,3.3
Charles Chesnutt,4.2
Charles Chesnutt,3.7
Charles Chesnutt,3.4
Charles Chesnutt,3.4
Charles Chesnutt,4.1
Charles Chesnutt,4.6
Charles Chesnutt,3.5
Charles Chesnutt,4.1
Charles Chesnutt,5.0
Charles Chesnutt,4.3
Charles Chesnutt,4.7
Charles Chesnutt,3.9
Charles Chesnutt,3.1
Charles Chesnutt,3.9
Charles Chesnutt,3.8
Charles Chesnutt,4.9
Charles Chesnutt,5.1
Charles Chesnutt,5.4
Charles Chesnutt,5.1
Charles Chesnutt,5.3
Charles Chesnutt,4.6
Charles Chesnutt,4.3
Charles Chesnutt,4.4
Charles Chesnutt,3.0
Charles Chesnutt,4.9
Charles Chesnutt,3.2
Charles Chesnutt,2.6
Charles Chesnutt,2.7
Charles Chesnutt,2.5
Charles Chesnutt,2.1
Charles Chesnutt,2.4
Charles Chesnutt,2.4
Charles Chesnutt,3.8
Charles Chesnutt,3.2
Charles Chesnutt,2.2
Charles Chesnutt,2.7
Charles Chesnutt,2.5
Charles Chesnutt,1.7
Charles Chesnutt,1.9
Charles Chesnutt,2.3
Charles Chesnutt,2.2
Charles Chesnutt,2.8
Charles Chesnutt,2.2
Charles Chesnutt,2.4
Charles Chesnutt,3.0
Charles Chesnutt,6.0
Charles R. Johnson,35.7
Charles R. Johnson,25.1
Charles R. Johnson,28.0
Charles R. Johnson,28.6
Charles R. Johnson,32.2
Charles R. Johnson,26.2
Charles R. Johnson,29.8
Charles R. Johnson,31.7
Charles R. Johnson,31.3
Charles R. Johnson,35.3
Charles R. Johnson,34.2
Charles R. Johnson,26.3
Charles R. Johnson,24.3
Charles R. Johnson,34.2
Charles R. Johnson,35.2
Charles R. Johnson,35.8
Charles R. Johnson,36.4
Charles R. Johnson,126.0
Charles R. Johnson,45.1
Charles R. Johnson,38.9
Charles R. Johnson,37.4
Charles R. Johnson,46.5
Charles R. Johnson,32.6
Charles R. Johnson,24.8
Charles R. Johnson,24.8
Charles R. Johnson,23.7
Charles R. Johnson,27.3
Charles R. Johnson,25.9
Charles R. Johnson,29.7
Charles R. Johnson,28.1
Charles R. Johnson,35.4
Charles R. Johnson,39.3
Charles R. Johnson,40.8
Charles R. Johnson,37.0
Charles R. Johnson,30.1
Charles R. Johnson,28.3
Charles R. Johnson,30.8
Charles R. Johnson,26.1
Charles R. Johnson,26.3
Charles R. Johnson,34.6
Charles R. Johnson,26.2
Charles R. Johnson,24.3
Charles R. Johnson,26.0
Charles R. Johnson,28.6
Charles R. Johnson,26.2
Charles R. Johnson,30.0
Charles R. Johnson,27.1
Charles R. Johnson,20.5
Charles R. Johnson,24.6
Charles R. Johnson,26.2
Charles R. Johnson,33.8
Charles R. Johnson,37.5
Charles R. Johnson,29.4
Charles R. Johnson,28.0
Charles R. Johnson,33.0
Charles R. Johnson,34.7
Charles R. Johnson,22.7
Charles R. Johnson,31.9
Charles R. Johnson,27.5
Charles R. Johnson,43.2
Charles R. Johnson,42.5
Charles R. Johnson,33.8
Charles R. Johnson,37.0
Charles R. Johnson,40.5
Charles R. Johnson,31.4
Charles R. Johnson,32.6
Charles R. Johnson,38.6
Charles R. Johnson,43.2
Charles R. Johnson,39.4
Charles R. Johnson,30.6
Charles R. Johnson,31.0
Charles R. Johnson,33.4
Charles R. Johnson,38.5
Charles R. Johnson,27.4
Charles R. Johnson,29.2
Charles R. Johnson,28.4
Charles R. Johnson,39.6
Charles R. Johnson,28.6
Charles R. Johnson,31.7
Charles R. Johnson,56.6
Charles R. Johnson,42.0
Chester Himes,92.8
Chester Himes,85.9
Chester Himes,92.9
Chester Himes,112.8
Chester Himes,108.5
Chester Himes,100.4
Chester Himes,104.9
Chester Himes,118.8
Chester Himes,89.1
Chester Himes,80.9
Chester Himes,79.4
Chester Himes,77.5
Chester Himes,87.8
Chester Himes,96.4
Chester Himes,90.5
Chester Himes,316.2
Chester Himes,138.2
Chester Himes,116.3
Chester Himes,114.6
Chester Himes,122.9
Chester Himes,108.5
Chester Himes,107.8
Chester Himes,79.5
Chester Himes,84.3
Chester Himes,241.2
Chester Himes,146.8
Chester Himes,126.6
Chester Himes,108.4
Chester Himes,92.9
Chester Himes,82.8
Chester Himes,132.5
Chester Himes,117.5
Chester Himes,96.7
Chester Himes,115.8
Chester Himes,96.3
Chester Himes,94.2
Chester Himes,104.1
Chester Himes,89.2
Chester Himes,93.3
Chester Himes,88.9
Chester Himes,82.7
Chester Himes,78.9
Chester Himes,112.6
Chester Himes,124.3
Chester Himes,87.9
Chester Himes,85.9
Chester Himes,88.8
Chester Himes,79.7
Chester Himes,86.8
Chester Himes,85.2
Chester Himes,78.0
Chester Himes,86.8
Chester Himes,81.2
Chester Himes,74.1
Chester Himes,80.1
Chester Himes,92.5
Chester Himes,79.4
Chester Himes,103.2
Chester Himes,92.7
Chester Himes,154.4
Chester Himes,121.8
Chester Himes,106.3
Chester Himes,94.3
Chester Himes,100.8
Chester Himes,101.7
Chester Himes,194.6
Chester Himes,109.0
Chester Himes,160.5
Chester Himes,151.3
Chester Himes,171.9
Chester Himes,124.0
Chester Himes,102.2
Chester Himes,128.6
Chester Himes,96.8
Chester Himes,118.5
Chester Himes,104.3
Chester Himes,89.4
Chester Himes,89.5
Chester Himes,94.1
Chester Himes,121.6
Chester Himes,117.0
Claude McKay,110.4
Claude McKay,99.7
Claude McKay,169.0
Claude McKay,233.3
Claude McKay,232.6
Claude McKay,186.1
Claude McKay,240.3
Claude McKay,390.0
Claude McKay,291.8
Claude McKay,245.5
Claude McKay,202.4
Claude McKay,119.0
Claude McKay,98.3
Claude McKay,113.7
Claude McKay,173.8
Claude McKay,233.0
Claude McKay,238.7
Claude McKay,201.9
Claude McKay,415.5
Claude McKay,473.1
Claude McKay,348.2
Claude McKay,257.3
Claude McKay,238.4
Claude McKay,132.7
Claude McKay,109.7
Claude McKay,112.8
Claude McKay,199.6
Claude McKay,243.9
Claude McKay,268.9
Claude McKay,210.9
Claude McKay,307.9
Claude McKay,474.3
Claude McKay,327.7
Claude McKay,287.7
Claude McKay,217.0
Claude McKay,130.3
Claude McKay,102.7
Claude McKay,109.1
Claude McKay,178.9
Claude McKay,227.1
Claude McKay,217.6
Claude McKay,177.6
Claude McKay,230.5
Claude McKay,399.9
Claude McKay,280.6
Claude McKay,288.5
Claude McKay,184.2
Claude McKay,133.0
Claude McKay,133.4
Claude McKay,119.2
Claude McKay,171.9
Claude McKay,217.9
Claude McKay,225.7
Claude McKay,190.5
Claude McKay,250.4
Claude McKay,541.0
Claude McKay,263.3
Claude McKay,241.0
Claude McKay,217.6
Claude McKay,275.4
Claude McKay,189.2
Claude McKay,171.4
Claude McKay,216.0
Claude McKay,239.5
Claude McKay,224.1
Claude McKay,219.2
Claude McKay,233.0
Claude McKay,418.1
Claude McKay,332.6
Claude McKay,251.3
Claude McKay,228.9
Claude McKay,169.3
Claude McKay,147.7
Claude McKay,143.6
Claude McKay,193.5
Claude McKay,216.3
Claude McKay,200.5
Claude McKay,171.9
Claude McKay,234.7
Claude McKay,414.6
Claude McKay,390.5
Colson Whitehead,58.6
Colson Whitehead,54.6
Colson Whitehead,63.9
Colson Whitehead,65.3
Colson Whitehead,71.3
Colson Whitehead,53.4
Colson Whitehead,58.5
Colson Whitehead,60.9
Colson Whitehead,61.4
Colson Whitehead,64.4
Colson Whitehead,55.5
Colson Whitehead,53.5
Colson Whitehead,63.3
Colson Whitehead,1046.2
Colson Whitehead,456.8
Colson Whitehead,301.9
Colson Whitehead,516.0
Colson Whitehead,439.3
Colson Whitehead,515.9
Colson Whitehead,496.3
Colson Whitehead,400.7
Colson Whitehead,644.3
Colson Whitehead,385.0
Colson Whitehead,373.7
Colson Whitehead,429.3
Colson Whitehead,497.2
Colson Whitehead,435.4
Colson Whitehead,400.5
Colson Whitehead,367.6
Colson Whitehead,350.0
Colson Whitehead,409.2
Colson Whitehead,492.6
Colson Whitehead,355.6
Colson Whitehead,379.6
Colson Whitehead,303.3
Colson Whitehead,252.2
Colson Whitehead,253.1
Colson Whitehead,246.5
Colson Whitehead,255.0
Colson Whitehead,269.7
Colson Whitehead,230.9
Colson Whitehead,219.7
Colson Whitehead,268.6
Colson Whitehead,270.5
Colson Whitehead,264.9
Colson Whitehead,283.6
Colson Whitehead,212.2
Colson Whitehead,328.1
Colson Whitehead,1781.7
Colson Whitehead,748.7
Colson Whitehead,568.3
Colson Whitehead,426.1
Colson Whitehead,574.6
Colson Whitehead,422.3
Colson Whitehead,473.9
Colson Whitehead,402.4
Colson Whitehead,307.1
Colson Whitehead,349.5
Colson Whitehead,1910.5
Colson Whitehead,1090.7
Colson Whitehead,1132.0
Colson Whitehead,775.4
Colson Whitehead,789.3
Colson Whitehead,587.2
Colson Whitehead,581.9
Colson Whitehead,532.4
Colson Whitehead,615.6
Colson Whitehead,711.3
Colson Whitehead,3480.5
Colson Whitehead,656.7
Colson Whitehead,2012.6
Colson Whitehead,801.7
Colson Whitehead,1905.5
Colson Whitehead,672.8
Colson Whitehead,1807.1
Colson Whitehead,1075.1
Colson Whitehead,694.0
Colson Whitehead,804.8
Colson Whitehead,823.0
Colson Whitehead,722.3
Colson Whitehead,662.5
David Bradley,10.1
David Bradley,9.0
David Bradley,13.1
David Bradley,13.9
David Bradley,9.5
David Bradley,10.5
David Bradley,10.2
David Bradley,45.4
David Bradley,53.1
David Bradley,11.2
David Bradley,8.7
David Bradley,6.9
David Bradley,6.5
David Bradley,10.8
David Bradley,9.5
David Bradley,8.3
David Bradley,9.4
David Bradley,8.8
David Bradley,10.4
David Bradley,20.3
David Bradley,10.1
David Bradley,8.5
David Bradley,7.8
David Bradley,6.6
David Bradley,7.8
David Bradley,7.0
David Bradley,16.4
David Bradley,8.0
David Bradley,7.9
David Bradley,7.4
David Bradley,12.1
David Bradley,12.3
David Bradley,10.0
David Bradley,10.3
David Bradley,6.6
David Bradley,6.4
David Bradley,6.6
David Bradley,15.6
David Bradley,13.1
David Bradley,7.3
David Bradley,8.1
David Bradley,7.1
David Bradley,9.1
David Bradley,13.4
David Bradley,9.4
David Bradley,9.2
David Bradley,5.2
David Bradley,7.2
David Bradley,6.7
David Bradley,6.2
David Bradley,6.8
David Bradley,7.8
David Bradley,8.1
David Bradley,6.5
David Bradley,9.2
David Bradley,8.9
David Bradley,7.4
David Bradley,7.9
David Bradley,8.2
David Bradley,13.2
David Bradley,9.1
David Bradley,11.0
David Bradley,8.9
David Bradley,7.7
David Bradley,7.9
David Bradley,7.3
David Bradley,9.0
David Bradley,10.7
David Bradley,8.6
David Bradley,13.0
David Bradley,7.3
David Bradley,7.4
David Bradley,5.3
David Bradley,7.0
David Bradley,6.3
David Bradley,7.5
David Bradley,8.6
David Bradley,5.5
David Bradley,6.4
David Bradley,10.0
David Bradley,11.0
Edward P. Jones,45.0
Edward P. Jones,50.4
Edward P. Jones,55.0
Edward P. Jones,56.9
Edward P. Jones,55.1
Edward P. Jones,56.1
Edward P. Jones,65.4
Edward P. Jones,67.5
Edward P. Jones,50.2
Edward P. Jones,51.7
Edward P. Jones,46.1
Edward P. Jones,41.3
Edward P. Jones,44.3
Edward P. Jones,52.6
Edward P. Jones,64.3
Edward P. Jones,54.9
Edward P. Jones,55.6
Edward P. Jones,50.8
Edward P. Jones,54.9
Edward P. Jones,59.8
Edward P. Jones,51.5
Edward P. Jones,51.0
Edward P. Jones,47.6
Edward P. Jones,45.3
Edward P. Jones,46.4
Edward P. Jones,43.8
Edward P. Jones,52.2
Edward P. Jones,54.9
Edward P. Jones,53.2
Edward P. Jones,45.8
Edward P. Jones,54.6
Edward P. Jones,60.0
Edward P. Jones,50.2
Edward P. Jones,51.7
Edward P. Jones,49.0
Edward P. Jones,43.5
Edward P. Jones,53.0
Edward P. Jones,54.1
Edward P. Jones,61.5
Edward P. Jones,58.4
Edward P. Jones,50.1
Edward P. Jones,41.4
Edward P. Jones,53.2
Edward P. Jones,57.4
Edward P. Jones,55.8
Edward P. Jones,44.3
Edward P. Jones,40.2
Edward P. Jones,40.9
Edward P. Jones,43.1
Edward P. Jones,45.7
Edward P. Jones,53.2
Edward P. Jones,47.2
Edward P. Jones,52.5
Edward P. Jones,46.7
Edward P. Jones,46.6
Edward P. Jones,53.3
Edward P. Jones,41.5
Edward P. Jones,49.7
Edward P. Jones,45.8
Edward P. Jones,69.1
Edward P. Jones,55.1
Edward P. Jones,177.0
Edward P. Jones,78.7
Edward P. Jones,77.9
Edward P. Jones,52.7
Edward P. Jones,66.1
Edward P. Jones,61.5
Edward P. Jones,74.9
Edward P. Jones,60.4
Edward P. Jones,49.5
Edward P. Jones,45.0
Edward P. Jones,46.2
Edward P. Jones,41.3
Edward P. Jones,51.4
Edward P. Jones,52.1
Edward P. Jones,43.5
Edward P. Jones,48.3
Edward P. Jones,37.2
Edward P. Jones,46.1
Edward P. Jones,61.5
Edward P. Jones,43.5
Edwidge Danticat,107.1
Edwidge Danticat,105.4
Edwidge Danticat,155.7
Edwidge Danticat,164.1
Edwidge Danticat,138.4
Edwidge Danticat,126.9
Edwidge Danticat,116.6
Edwidge Danticat,167.8
Edwidge Danticat,145.7
Edwidge Danticat,133.5
Edwidge Danticat,121.0
Edwidge Danticat,92.6
Edwidge Danticat,80.6
Edwidge Danticat,97.7
Edwidge Danticat,149.5
Edwidge Danticat,147.3
Edwidge Danticat,124.8
Edwidge Danticat,100.0
Edwidge Danticat,114.9
Edwidge Danticat,163.0
Edwidge Danticat,137.0
Edwidge Danticat,135.6
Edwidge Danticat,118.0
Edwidge Danticat,93.2
Edwidge Danticat,99.6
Edwidge Danticat,97.5
Edwidge Danticat,167.8
Edwidge Danticat,141.8
Edwidge Danticat,153.6
Edwidge Danticat,122.6
Edwidge Danticat,196.6
Edwidge Danticat,156.7
Edwidge Danticat,146.5
Edwidge Danticat,154.9
Edwidge Danticat,160.6
Edwidge Danticat,107.3
Edwidge Danticat,95.6
Edwidge Danticat,103.2
Edwidge Danticat,140.8
Edwidge Danticat,117.9
Edwidge Danticat,115.8
Edwidge Danticat,95.3
Edwidge Danticat,127.9
Edwidge Danticat,133.6
Edwidge Danticat,124.2
Edwidge Danticat,122.1
Edwidge Danticat,109.2
Edwidge Danticat,83.9
Edwidge Danticat,85.9
Edwidge Danticat,135.4
Edwidge Danticat,164.7
Edwidge Danticat,135.5
Edwidge Danticat,138.0
Edwidge Danticat,99.2
Edwidge Danticat,132.2
Edwidge Danticat,152.9
Edwidge Danticat,118.8
Edwidge Danticat,143.2
Edwidge Danticat,124.7
Edwidge Danticat,143.4
Edwidge Danticat,132.3
Edwidge Danticat,144.3
Edwidge Danticat,158.5
Edwidge Danticat,140.4
Edwidge Danticat,149.9
Edwidge Danticat,104.6
Edwidge Danticat,124.7
Edwidge Danticat,160.4
Edwidge Danticat,128.9
Edwidge Danticat,118.9
Edwidge Danticat,93.4
Edwidge Danticat,75.9
Edwidge Danticat,102.5
Edwidge Danticat,85.9
Edwidge Danticat,104.7
Edwidge Danticat,97.7
Edwidge Danticat,88.3
Edwidge Danticat,73.0
Edwidge Danticat,92.9
Edwidge Danticat,107.3
Edwidge Danticat,169.0
Ernest J. Gaines,80.3
Ernest J. Gaines,100.5
Ernest J. Gaines,107.6
Ernest J. Gaines,84.2
Ernest J. Gaines,75.1
Ernest J. Gaines,78.3
Ernest J. Gaines,121.3
Ernest J. Gaines,125.0
Ernest J. Gaines,100.5
Ernest J. Gaines,91.5
Ernest J. Gaines,87.7
Ernest J. Gaines,70.9
Ernest J. Gaines,67.3
Ernest J. Gaines,71.5
Ernest J. Gaines,75.2
Ernest J. Gaines,79.1
Ernest J. Gaines,79.4
Ernest J. Gaines,83.9
Ernest J. Gaines,124.2
Ernest J. Gaines,134.8
Ernest J. Gaines,101.0
Ernest J. Gaines,87.3
Ernest J. Gaines,75.6
Ernest J. Gaines,61.6
Ernest J. Gaines,63.1
Ernest J. Gaines,74.0
Ernest J. Gaines,97.4
Ernest J. Gaines,99.8
Ernest J. Gaines,112.9
Ernest J. Gaines,77.1
Ernest J. Gaines,114.5
Ernest J. Gaines,123.5
Ernest J. Gaines,99.4
Ernest J. Gaines,98.4
Ernest J. Gaines,88.0
Ernest J. Gaines,67.0
Ernest J. Gaines,62.3
Ernest J. Gaines,82.0
Ernest J. Gaines,67.1
Ernest J. Gaines,68.9
Ernest J. Gaines,70.9
Ernest J. Gaines,71.7
Ernest J. Gaines,110.5
Ernest J. Gaines,112.3
Ernest J. Gaines,85.6
Ernest J. Gaines,87.1
Ernest J. Gaines,67.2
Ernest J. Gaines,59.6
Ernest J. Gaines,54.8
Ernest J. Gaines,66.5
Ernest J. Gaines,61.8
Ernest J. Gaines,70.7
Ernest J. Gaines,887.7
Ernest J. Gaines,117.0
Ernest J. Gaines,109.3
Ernest J. Gaines,118.5
Ernest J. Gaines,75.1
Ernest J. Gaines,88.8
Ernest J. Gaines,71.7
Ernest J. Gaines,119.6
Ernest J. Gaines,85.7
Ernest J. Gaines,78.8
Ernest J. Gaines,82.2
Ernest J. Gaines,79.6
Ernest J. Gaines,68.8
Ernest J. Gaines,71.3
Ernest J. Gaines,254.8
Ernest J. Gaines,202.0
Ernest J. Gaines,94.0
Ernest J. Gaines,93.2
Ernest J. Gaines,72.4
Ernest J. Gaines,57.9
Ernest J. Gaines,54.2
Ernest J. Gaines,58.5
Ernest J. Gaines,69.0
Ernest J. Gaines,61.9
Ernest J. Gaines,66.4
Ernest J. Gaines,54.5
Ernest J. Gaines,73.2
Ernest J. Gaines,94.9
Ernest J. Gaines,74.5
Gayl Jones,23.0
Gayl Jones,19.6
Gayl Jones,21.2
Gayl Jones,26.7
Gayl Jones,31.3
Gayl Jones,26.9
Gayl Jones,22.9
Gayl Jones,39.1
Gayl Jones,38.3
Gayl Jones,39.0
Gayl Jones,26.6
Gayl Jones,26.5
Gayl Jones,20.4
Gayl Jones,21.2
Gayl Jones,24.5
Gayl Jones,30.2
Gayl Jones,35.8
Gayl Jones,26.1
Gayl Jones,26.4
Gayl Jones,36.5
Gayl Jones,30.9
Gayl Jones,29.3
Gayl Jones,22.2
Gayl Jones,17.5
Gayl Jones,17.6
Gayl Jones,15.9
Gayl Jones,23.1
Gayl Jones,34.1
Gayl Jones,34.4
Gayl Jones,27.8
Gayl Jones,29.5
Gayl Jones,38.3
Gayl Jones,35.5
Gayl Jones,42.3
Gayl Jones,29.9
Gayl Jones,23.1
Gayl Jones,19.6
Gayl Jones,21.6
Gayl Jones,25.7
Gayl Jones,32.3
Gayl Jones,30.4
Gayl Jones,24.4
Gayl Jones,27.7
Gayl Jones,41.6
Gayl Jones,41.9
Gayl Jones,33.2
Gayl Jones,24.2
Gayl Jones,22.3
Gayl Jones,25.4
Gayl Jones,70.7
Gayl Jones,32.2
Gayl Jones,44.2
Gayl Jones,42.9
Gayl Jones,26.7
Gayl Jones,29.8
Gayl Jones,36.7
Gayl Jones,24.5
Gayl Jones,33.3
Gayl Jones,27.1
Gayl Jones,65.1
Gayl Jones,37.3
Gayl Jones,284.0
Gayl Jones,54.8
Gayl Jones,41.1
Gayl Jones,33.4
Gayl Jones,33.6
Gayl Jones,34.9
Gayl Jones,44.1
Gayl Jones,46.1
Gayl Jones,35.4
Gayl Jones,32.9
Gayl Jones,30.6
Gayl Jones,28.3
Gayl Jones,39.0
Gayl Jones,471.2
Gayl Jones,117.1
Gayl Jones,48.2
Gayl Jones,43.3
Gayl Jones,42.7
Gayl Jones,42.9
Gayl Jones,50.0
George Schuyler,27.4
George Schuyler,26.0
George Schuyler,35.3
George Schuyler,37.4
George Schuyler,34.8
George Schuyler,28.2
George Schuyler,56.4
George Schuyler,46.0
George Schuyler,36.5
George Schuyler,31.3
George Schuyler,32.1
George Schuyler,26.7
George Schuyler,25.0
George Schuyler,25.8
George Schuyler,32.6
George Schuyler,37.1
George Schuyler,40.8
George Schuyler,34.6
George Schuyler,43.5
George Schuyler,65.1
George Schuyler,43.5
George Schuyler,39.6
George Schuyler,37.0
George Schuyler,29.2
George Schuyler,25.3
George Schuyler,34.1
George Schuyler,38.7
George Schuyler,36.4
George Schuyler,38.1
George Schuyler,34.1
George Schuyler,81.0
George Schuyler,77.3
George Schuyler,50.8
George Schuyler,49.7
George Schuyler,39.4
George Schuyler,36.4
George Schuyler,37.3
George Schuyler,38.9
George Schuyler,37.0
George Schuyler,42.0
George Schuyler,45.6
George Schuyler,34.3
George Schuyler,45.1
George Schuyler,75.5
George Schuyler,49.2
George Schuyler,40.2
George Schuyler,35.4
George Schuyler,32.3
George Schuyler,38.3
George Schuyler,35.9
George Schuyler,36.9
George Schuyler,36.9
George Schuyler,39.2
George Schuyler,35.7
George Schuyler,44.2
George Schuyler,64.1
George Schuyler,44.5
George Schuyler,66.5
George Schuyler,41.8
George Schuyler,73.3
George Schuyler,83.8
George Schuyler,70.7
George Schuyler,59.9
George Schuyler,58.2
George Schuyler,46.4
George Schuyler,44.4
George Schuyler,47.2
George Schuyler,78.1
George Schuyler,62.2
George Schuyler,54.2
George Schuyler,63.2
George Schuyler,61.9
George Schuyler,63.1
George Schuyler,55.8
George Schuyler,49.2
George Schuyler,48.7
George Schuyler,43.6
George Schuyler,42.2
George Schuyler,61.5
George Schuyler,139.5
George Schuyler,75.0
Gloria Naylor,31.6
Gloria Naylor,32.1
Gloria Naylor,38.7
Gloria Naylor,40.1
Gloria Naylor,38.5
Gloria Naylor,37.4
Gloria Naylor,47.2
Gloria Naylor,55.6
Gloria Naylor,45.9
Gloria Naylor,43.4
Gloria Naylor,40.4
Gloria Naylor,33.8
Gloria Naylor,29.9
Gloria Naylor,35.6
Gloria Naylor,38.4
Gloria Naylor,469.1
Gloria Naylor,63.8
Gloria Naylor,71.9
Gloria Naylor,78.8
Gloria Naylor,81.4
Gloria Naylor,56.2
Gloria Naylor,48.9
Gloria Naylor,41.7
Gloria Naylor,34.4
Gloria Naylor,36.4
Gloria Naylor,39.3
Gloria Naylor,57.0
Gloria Naylor,47.8
Gloria Naylor,47.7
Gloria Naylor,44.3
Gloria Naylor,74.9
Gloria Naylor,65.2
Gloria Naylor,47.9
Gloria Naylor,51.6
Gloria Naylor,39.1
Gloria Naylor,34.4
Gloria Naylor,36.9
Gloria Naylor,37.3
Gloria Naylor,44.6
Gloria Naylor,43.3
Gloria Naylor,45.3
Gloria Naylor,41.5
Gloria Naylor,52.7
Gloria Naylor,58.6
Gloria Naylor,47.5
Gloria Naylor,45.8
Gloria Naylor,40.2
Gloria Naylor,37.6
Gloria Naylor,43.1
Gloria Naylor,58.5
Gloria Naylor,50.9
Gloria Naylor,45.4
Gloria Naylor,46.2
Gloria Naylor,43.2
Gloria Naylor,54.3
Gloria Naylor,74.2
Gloria Naylor,38.6
Gloria Naylor,61.3
Gloria Naylor,40.8
Gloria Naylor,70.0
Gloria Naylor,49.9
Gloria Naylor,51.5
Gloria Naylor,53.3
Gloria Naylor,47.2
Gloria Naylor,43.4
Gloria Naylor,40.6
Gloria Naylor,57.0
Gloria Naylor,73.6
Gloria Naylor,62.3
Gloria Naylor,51.9
Gloria Naylor,40.6
Gloria Naylor,36.6
Gloria Naylor,43.9
Gloria Naylor,42.8
Gloria Naylor,44.9
Gloria Naylor,40.2
Gloria Naylor,33.6
Gloria Naylor,38.8
Gloria Naylor,51.9
Gloria Naylor,50.7
Gloria Naylor,54.0
Gwendolyn Brooks,150.4
Gwendolyn Brooks,130.8
Gwendolyn Brooks,190.2
Gwendolyn Brooks,232.1
Gwendolyn Brooks,225.8
Gwendolyn Brooks,196.9
Gwendolyn Brooks,272.2
Gwendolyn Brooks,521.9
Gwendolyn Brooks,305.8
Gwendolyn Brooks,298.0
Gwendolyn Brooks,237.3
Gwendolyn Brooks,175.6
Gwendolyn Brooks,138.5
Gwendolyn Brooks,138.9
Gwendolyn Brooks,198.4
Gwendolyn Brooks,232.2
Gwendolyn Brooks,237.0
Gwendolyn Brooks,231.5
Gwendolyn Brooks,322.0
Gwendolyn Brooks,625.5
Gwendolyn Brooks,366.2
Gwendolyn Brooks,290.2
Gwendolyn Brooks,321.1
Gwendolyn Brooks,419.2
Gwendolyn Brooks,158.6
Gwendolyn Brooks,181.0
Gwendolyn Brooks,224.5
Gwendolyn Brooks,242.2
Gwendolyn Brooks,267.8
Gwendolyn Brooks,225.7
Gwendolyn Brooks,304.8
Gwendolyn Brooks,574.5
Gwendolyn Brooks,334.8
Gwendolyn Brooks,307.4
Gwendolyn Brooks,278.3
Gwendolyn Brooks,239.6
Gwendolyn Brooks,149.3
Gwendolyn Brooks,172.3
Gwendolyn Brooks,195.7
Gwendolyn Brooks,219.2
Gwendolyn Brooks,229.2
Gwendolyn Brooks,210.1
Gwendolyn Brooks,275.0
Gwendolyn Brooks,614.3
Gwendolyn Brooks,295.5
Gwendolyn Brooks,277.1
Gwendolyn Brooks,233.4
Gwendolyn Brooks,195.1
Gwendolyn Brooks,146.0
Gwendolyn Brooks,154.1
Gwendolyn Brooks,199.2
Gwendolyn Brooks,284.6
Gwendolyn Brooks,242.0
Gwendolyn Brooks,202.0
Gwendolyn Brooks,320.4
Gwendolyn Brooks,620.8
Gwendolyn Brooks,256.4
Gwendolyn Brooks,253.0
Gwendolyn Brooks,289.0
Gwendolyn Brooks,388.1
Gwendolyn Brooks,196.4
Gwendolyn Brooks,189.7
Gwendolyn Brooks,236.4
Gwendolyn Brooks,240.3
Gwendolyn Brooks,264.7
Gwendolyn Brooks,203.9
Gwendolyn Brooks,306.3
Gwendolyn Brooks,748.2
Gwendolyn Brooks,338.9
Gwendolyn Brooks,249.6
Gwendolyn Brooks,207.5
Gwendolyn Brooks,189.9
Gwendolyn Brooks,148.5
Gwendolyn Brooks,167.7
Gwendolyn Brooks,277.2
Gwendolyn Brooks,238.7
Gwendolyn Brooks,267.1
Gwendolyn Brooks,251.2
Gwendolyn Brooks,311.6
Gwendolyn Brooks,590.3
Gwendolyn Brooks,526.5
Henry Dumas,31.1
Henry Dumas,27.8
Henry Dumas,20.9
Henry Dumas,41.7
Henry Dumas,23.6
Henry Dumas,19.8
Henry Dumas,21.0
Henry Dumas,33.1
Henry Dumas,22.2
Henry Dumas,22.6
Henry Dumas,20.5
Henry Dumas,20.5
Henry Dumas,30.6
Henry Dumas,23.6
Henry Dumas,21.6
Henry Dumas,27.1
Henry Dumas,23.7
Henry Dumas,19.4
Henry Dumas,21.2
Henry Dumas,25.1
Henry Dumas,21.1
Henry Dumas,20.3
Henry Dumas,18.9
Henry Dumas,15.2
Henry Dumas,18.8
Henry Dumas,19.5
Henry Dumas,17.9
Henry Dumas,27.8
Henry Dumas,80.1
Henry Dumas,19.1
Henry Dumas,22.0
Henry Dumas,26.4
Henry Dumas,24.3
Henry Dumas,22.5
Henry Dumas,22.6
Henry Dumas,17.0
Henry Dumas,21.1
Henry Dumas,17.7
Henry Dumas,23.4
Henry Dumas,20.8
Henry Dumas,23.9
Henry Dumas,24.4
Henry Dumas,22.1
Henry Dumas,29.3
Henry Dumas,25.2
Henry Dumas,37.1
Henry Dumas,24.7
Henry Dumas,24.0
Henry Dumas,25.1
Henry Dumas,229.3
Henry Dumas,31.1
Henry Dumas,26.5
Henry Dumas,27.1
Henry Dumas,24.1
Henry Dumas,27.6
Henry Dumas,38.0
Henry Dumas,21.4
Henry Dumas,23.2
Henry Dumas,40.2
Henry Dumas,114.0
Henry Dumas,53.1
Henry Dumas,45.5
Henry Dumas,39.1
Henry Dumas,42.3
Henry Dumas,32.0
Henry Dumas,33.3
Henry Dumas,42.9
Henry Dumas,46.4
Henry Dumas,40.2
Henry Dumas,48.0
Henry Dumas,48.3
Henry Dumas,28.9
Henry Dumas,24.7
Henry Dumas,23.8
Henry Dumas,26.3
Henry Dumas,26.7
Henry Dumas,31.2
Henry Dumas,26.4
Henry Dumas,26.1
Henry Dumas,33.8
Henry Dumas,20.0
Ishmael Reed,136.3
Ishmael Reed,124.5
Ishmael Reed,82.1
Ishmael Reed,74.0
Ishmael Reed,76.3
Ishmael Reed,70.3
Ishmael Reed,78.3
Ishmael Reed,105.7
Ishmael Reed,77.3
Ishmael Reed,85.0
Ishmael Reed,73.3
Ishmael Reed,102.4
Ishmael Reed,59.4
Ishmael Reed,66.4
Ishmael Reed,75.7
Ishmael Reed,79.5
Ishmael Reed,84.0
Ishmael Reed,88.8
Ishmael Reed,86.6
Ishmael Reed,98.5
Ishmael Reed,86.9
Ishmael Reed,78.9
Ishmael Reed,67.6
Ishmael Reed,65.7
Ishmael Reed,65.4
Ishmael Reed,68.9
Ishmael Reed,69.2
Ishmael Reed,77.5
Ishmael Reed,82.3
Ishmael Reed,73.7
Ishmael Reed,82.4
Ishmael Reed,115.7
Ishmael Reed,100.0
Ishmael Reed,90.3
Ishmael Reed,91.1
Ishmael Reed,77.0
Ishmael Reed,86.1
Ishmael Reed,77.9
Ishmael Reed,75.2
Ishmael Reed,90.7
Ishmael Reed,95.6
Ishmael Reed,90.8
Ishmael Reed,192.2
Ishmael Reed,161.3
Ishmael Reed,129.9
Ishmael Reed,85.5
Ishmael Reed,81.9
Ishmael Reed,127.9
Ishmael Reed,109.1
Ishmael Reed,85.4
Ishmael Reed,87.6
Ishmael Reed,95.6
Ishmael Reed,84.7
Ishmael Reed,84.2
Ishmael Reed,109.2
Ishmael Reed,131.6
Ishmael Reed,90.8
Ishmael Reed,170.9
Ishmael Reed,122.9
Ishmael Reed,296.3
Ishmael Reed,932.7
Ishmael Reed,146.0
Ishmael Reed,123.1
Ishmael Reed,196.8
Ishmael Reed,133.1
Ishmael Reed,117.9
Ishmael Reed,145.6
Ishmael Reed,174.9
Ishmael Reed,163.6
Ishmael Reed,127.2
Ishmael Reed,119.6
Ishmael Reed,174.0
Ishmael Reed,297.5
Ishmael Reed,137.0
Ishmael Reed,112.2
Ishmael Reed,103.6
Ishmael Reed,98.0
Ishmael Reed,96.5
Ishmael Reed,117.9
Ishmael Reed,173.6
Ishmael Reed,105.0
Jacqueline Woodson,104.9
Jacqueline Woodson,70.8
Jacqueline Woodson,103.4
Jacqueline Woodson,109.5
Jacqueline Woodson,99.9
Jacqueline Woodson,78.1
Jacqueline Woodson,106.0
Jacqueline Woodson,151.2
Jacqueline Woodson,114.6
Jacqueline Woodson,122.5
Jacqueline Woodson,87.5
Jacqueline Woodson,67.7
Jacqueline Woodson,60.2
Jacqueline Woodson,297.4
Jacqueline Woodson,164.1
Jacqueline Woodson,221.4
Jacqueline Woodson,152.2
Jacqueline Woodson,128.2
Jacqueline Woodson,297.9
Jacqueline Woodson,223.0
Jacqueline Woodson,148.8
Jacqueline Woodson,117.4
Jacqueline Woodson,119.1
Jacqueline Woodson,87.1
Jacqueline Woodson,78.6
Jacqueline Woodson,84.4
Jacqueline Woodson,105.8
Jacqueline Woodson,130.5
Jacqueline Woodson,153.9
Jacqueline Woodson,98.1
Jacqueline Woodson,166.1
Jacqueline Woodson,195.6
Jacqueline Woodson,325.1
Jacqueline Woodson,297.4
Jacqueline Woodson,152.4
Jacqueline Woodson,127.9
Jacqueline Woodson,102.7
Jacqueline Woodson,99.9
Jacqueline Woodson,215.3
Jacqueline Woodson,139.5
Jacqueline Woodson,121.7
Jacqueline Woodson,109.0
Jacqueline Woodson,155.6
Jacqueline Woodson,181.6
Jacqueline Woodson,146.1
Jacqueline Woodson,156.4
Jacqueline Woodson,129.2
Jacqueline Woodson,87.6
Jacqueline Woodson,86.5
Jacqueline Woodson,102.2
Jacqueline Woodson,296.1
Jacqueline Woodson,352.7
Jacqueline Woodson,268.3
Jacqueline Woodson,214.0
Jacqueline Woodson,236.4
Jacqueline Woodson,239.3
Jacqueline Woodson,190.4
Jacqueline Woodson,182.8
Jacqueline Woodson,187.7
Jacqueline Woodson,285.9
Jacqueline Woodson,189.4
Jacqueline Woodson,193.8
Jacqueline Woodson,306.5
Jacqueline Woodson,300.4
Jacqueline Woodson,204.5
Jacqueline Woodson,171.6
Jacqueline Woodson,241.6
Jacqueline Woodson,373.3
Jacqueline Woodson,281.4
Jacqueline Woodson,216.8
Jacqueline Woodson,178.1
Jacqueline Woodson,142.8
Jacqueline Woodson,115.2
Jacqueline Woodson,145.0
Jacqueline Woodson,159.8
Jacqueline Woodson,148.4
Jacqueline Woodson,141.2
Jacqueline Woodson,123.6
Jacqueline Woodson,208.3
Jacqueline Woodson,303.6
Jacqueline Woodson,279.0
James Baldwin,1527.7
James Baldwin,1558.3
James Baldwin,1289.8
James Baldwin,2020.8
James Baldwin,1677.6
James Baldwin,1523.4
James Baldwin,1517.9
James Baldwin,2381.0
James Baldwin,1593.8
James Baldwin,1319.0
James Baldwin,1229.4
James Baldwin,1045.1
James Baldwin,1353.8
James Baldwin,1650.2
James Baldwin,1581.3
James Baldwin,1513.5
James Baldwin,1975.4
James Baldwin,1962.9
James Baldwin,4276.5
James Baldwin,12911.5
James Baldwin,5304.4
James Baldwin,3590.2
James Baldwin,4449.6
James Baldwin,3439.1
James Baldwin,3212.6
James Baldwin,3816.5
James Baldwin,2886.0
James Baldwin,2691.7
James Baldwin,2314.9
James Baldwin,2246.3
James Baldwin,5575.0
James Baldwin,6170.3
James Baldwin,2671.6
James Baldwin,2624.1
James Baldwin,2282.4
James Baldwin,2090.7
James Baldwin,1922.4
James Baldwin,4471.6
James Baldwin,2576.2
James Baldwin,2406.8
James Baldwin,2286.0
James Baldwin,3336.8
James Baldwin,5386.2
James Baldwin,7557.9
James Baldwin,3452.4
James Baldwin,2574.7
James Baldwin,2159.4
James Baldwin,1874.0
James Baldwin,1736.7
James Baldwin,3224.1
James Baldwin,2280.7
James Baldwin,2134.5
James Baldwin,2070.2
James Baldwin,2023.9
James Baldwin,2139.1
James Baldwin,4037.5
James Baldwin,1890.7
James Baldwin,2309.3
James Baldwin,4242.5
James Baldwin,23025.3
James Baldwin,11171.2
James Baldwin,7392.7
James Baldwin,4406.6
James Baldwin,4651.2
James Baldwin,5252.9
James Baldwin,3760.2
James Baldwin,6209.0
James Baldwin,7600.7
James Baldwin,4656.3
James Baldwin,3870.9
James Baldwin,3116.9
James Baldwin,4200.6
James Baldwin,2771.9
James Baldwin,2944.2
James Baldwin,2361.8
James Baldwin,3495.0
James Baldwin,2788.1
James Baldwin,2312.5
James Baldwin,2975.6
James Baldwin,4591.1
James Baldwin,3387.5
James Weldon Johnson,143.2
James Weldon Johnson,135.0
James Weldon Johnson,186.1
James Weldon Johnson,231.7
James Weldon Johnson,238.7
James Weldon Johnson,213.7
James Weldon Johnson,309.4
James Weldon Johnson,703.6
James Weldon Johnson,322.9
James Weldon Johnson,285.5
James Weldon Johnson,230.6
James Weldon Johnson,174.7
James Weldon Johnson,136.3
James Weldon Johnson,150.3
James Weldon Johnson,271.9
James Weldon Johnson,250.6
James Weldon Johnson,243.5
James Weldon Johnson,229.1
James Weldon Johnson,328.2
James Weldon Johnson,743.4
James Weldon Johnson,343.6
James Weldon Johnson,263.7
James Weldon Johnson,230.3
James Weldon Johnson,186.3
James Weldon Johnson,179.3
James Weldon Johnson,154.9
James Weldon Johnson,232.6
James Weldon Johnson,284.8
James Weldon Johnson,243.7
James Weldon Johnson,207.9
James Weldon Johnson,346.2
James Weldon Johnson,706.0
James Weldon Johnson,336.0
James Weldon Johnson,356.1
James Weldon Johnson,247.9
James Weldon Johnson,200.6
James Weldon Johnson,164.9
James Weldon Johnson,199.0
James Weldon Johnson,195.4
James Weldon Johnson,224.8
James Weldon Johnson,223.9
James Weldon Johnson,191.5
James Weldon Johnson,326.7
James Weldon Johnson,681.8
James Weldon Johnson,304.1
James Weldon Johnson,310.9
James Weldon Johnson,239.9
James Weldon Johnson,210.7
James Weldon Johnson,188.0
James Weldon Johnson,180.0
James Weldon Johnson,202.8
James Weldon Johnson,219.0
James Weldon Johnson,221.3
James Weldon Johnson,194.3
James Weldon Johnson,322.5
James Weldon Johnson,670.8
James Weldon Johnson,260.6
James Weldon Johnson,227.7
James Weldon Johnson,214.3
James Weldon Johnson,739.6
James Weldon Johnson,1781.9
James Weldon Johnson,349.4
James Weldon Johnson,705.1
James Weldon Johnson,293.6
James Weldon Johnson,260.5
James Weldon Johnson,280.8
James Weldon Johnson,392.5
James Weldon Johnson,843.0
James Weldon Johnson,378.4
James Weldon Johnson,271.0
James Weldon Johnson,250.4
James Weldon Johnson,355.0
James Weldon Johnson,582.5
James Weldon Johnson,191.6
James Weldon Johnson,361.1
James Weldon Johnson,233.6
James Weldon Johnson,255.8
James Weldon Johnson,193.2
James Weldon Johnson,290.8
James Weldon Johnson,784.0
James Weldon Johnson,492.0
Jean Toomer,58.9
Jean Toomer,61.0
Jean Toomer,81.5
Jean Toomer,95.7
Jean Toomer,99.8
Jean Toomer,94.0
Jean Toomer,104.7
Jean Toomer,181.6
Jean Toomer,142.3
Jean Toomer,121.8
Jean Toomer,98.8
Jean Toomer,65.8
Jean Toomer,57.1
Jean Toomer,60.8
Jean Toomer,87.8
Jean Toomer,99.7
Jean Toomer,103.6
Jean Toomer,139.2
Jean Toomer,119.1
Jean Toomer,183.0
Jean Toomer,129.3
Jean Toomer,100.3
Jean Toomer,81.9
Jean Toomer,56.0
Jean Toomer,54.6
Jean Toomer,54.6
Jean Toomer,76.4
Jean Toomer,106.5
Jean Toomer,101.4
Jean Toomer,98.5
Jean Toomer,106.0
Jean Toomer,163.0
Jean Toomer,117.0
Jean Toomer,108.0
Jean Toomer,95.6
Jean Toomer,61.8
Jean Toomer,59.0
Jean Toomer,62.0
Jean Toomer,88.3
Jean Toomer,91.7
Jean Toomer,93.5
Jean Toomer,165.1
Jean Toomer,131.5
Jean Toomer,154.5
Jean Toomer,109.2
Jean Toomer,107.1
Jean Toomer,81.7
Jean Toomer,59.4
Jean Toomer,66.0
Jean Toomer,72.8
Jean Toomer,80.7
Jean Toomer,92.1
Jean Toomer,94.1
Jean Toomer,88.1
Jean Toomer,112.2
Jean Toomer,168.5
Jean Toomer,121.8
Jean Toomer,118.9
Jean Toomer,97.8
Jean Toomer,168.1
Jean Toomer,126.8
Jean Toomer,94.2
Jean Toomer,112.3
Jean Toomer,119.6
Jean Toomer,107.5
Jean Toomer,105.8
Jean Toomer,116.9
Jean Toomer,168.3
Jean Toomer,145.4
Jean Toomer,122.0
Jean Toomer,102.9
Jean Toomer,82.2
Jean Toomer,67.3
Jean Toomer,59.2
Jean Toomer,79.4
Jean Toomer,86.2
Jean Toomer,95.9
Jean Toomer,77.8
Jean Toomer,97.5
Jean Toomer,148.1
Jean Toomer,130.0
Jesmyn Ward,43.5
Jesmyn Ward,85.7
Jesmyn Ward,61.0
Jesmyn Ward,46.3
Jesmyn Ward,46.3
Jesmyn Ward,40.7
Jesmyn Ward,38.9
Jesmyn Ward,71.3
Jesmyn Ward,44.4
Jesmyn Ward,48.5
Jesmyn Ward,40.1
Jesmyn Ward,31.5
Jesmyn Ward,40.1
Jesmyn Ward,95.2
Jesmyn Ward,57.8
Jesmyn Ward,41.8
Jesmyn Ward,41.1
Jesmyn Ward,43.2
Jesmyn Ward,44.4
Jesmyn Ward,58.2
Jesmyn Ward,52.2
Jesmyn Ward,47.9
Jesmyn Ward,48.0
Jesmyn Ward,58.5
Jesmyn Ward,63.7
Jesmyn Ward,137.5
Jesmyn Ward,490.8
Jesmyn Ward,661.8
Jesmyn Ward,749.3
Jesmyn Ward,432.5
Jesmyn Ward,626.8
Jesmyn Ward,479.9
Jesmyn Ward,346.1
Jesmyn Ward,477.9
Jesmyn Ward,521.6
Jesmyn Ward,292.3
Jesmyn Ward,292.6
Jesmyn Ward,333.0
Jesmyn Ward,239.4
Jesmyn Ward,233.2
Jesmyn Ward,227.9
Jesmyn Ward,219.8
Jesmyn Ward,240.9
Jesmyn Ward,269.0
Jesmyn Ward,218.0
Jesmyn Ward,196.3
Jesmyn Ward,169.0
Jesmyn Ward,164.7
Jesmyn Ward,161.2
Jesmyn Ward,215.0
Jesmyn Ward,195.1
Jesmyn Ward,187.9
Jesmyn Ward,181.3
Jesmyn Ward,164.3
Jesmyn Ward,201.0
Jesmyn Ward,184.9
Jesmyn Ward,147.5
Jesmyn Ward,171.3
Jesmyn Ward,164.0
Jesmyn Ward,405.8
Jesmyn Ward,238.2
Jesmyn Ward,193.5
Jesmyn Ward,1924.6
Jesmyn Ward,267.3
Jesmyn Ward,273.0
Jesmyn Ward,248.7
Jesmyn Ward,258.8
Jesmyn Ward,278.9
Jesmyn Ward,210.9
Jesmyn Ward,192.6
Jesmyn Ward,165.8
Jesmyn Ward,141.1
Jesmyn Ward,143.6
Jesmyn Ward,126.9
Jesmyn Ward,127.5
Jesmyn Ward,133.1
Jesmyn Ward,126.2
Jesmyn Ward,113.4
Jesmyn Ward,129.8
Jesmyn Ward,178.9
Jesmyn Ward,156.0
John A. Williams,1.6
John A. Williams,1.6
John A. Williams,1.8
John A. Williams,0.8
John A. Williams,0.9
John A. Williams,1.4
John A. Williams,1.1
John A. Williams,1.9
John A. Williams,1.3
John A. Williams,1.6
John A. Williams,1.3
John A. Williams,1.9
John A. Williams,1.5
John A. Williams,1.5
John A. Williams,1.7
John A. Williams,0.7
John A. Williams,1.4
John A. Williams,1.9
John A. Williams,1.2
John A. Williams,1.4
John A. Williams,0.9
John A. Williams,1.3
John A. Williams,0.9
John A. Williams,0.9
John A. Williams,1.1
John A. Williams,0.8
John A. Williams,0.8
John A. Williams,0.8
John A. Williams,1.3
John A. Williams,1.2
John A. Williams,1.5
John A. Williams,0.9
John A. Williams,1.0
John A. Williams,1.1
John A. Williams,1.1
John A. Williams,0.6
John A. Williams,0.8
John A. Williams,0.8
John A. Williams,0.8
John A. Williams,0.8
John A. Williams,0.6
John A. Williams,0.9
John A. Williams,0.7
John A. Williams,0.8
John A. Williams,1.4
John A. Williams,1.1
John A. Williams,0.7
John A. Williams,0.6
John A. Williams,0.7
John A. Williams,0.8
John A. Williams,1.0
John A. Williams,1.0
John A. Williams,1.1
John A. Williams,0.9
John A. Williams,1.5
John A. Williams,1.0
John A. Williams,0.8
John A. Williams,0.7
John A. Williams,0.6
John A. Williams,0.5
John A. Williams,0.4
John A. Williams,0.5
John A. Williams,0.8
John A. Williams,0.3
John A. Williams,0.1
John A. Williams,0.3
John A. Williams,0.3
John A. Williams,0.4
John A. Williams,0.1
John A. Williams,0.1
John A. Williams,0.3
John A. Williams,0.2
John A. Williams,0.2
John A. Williams,0.1
John A. Williams,0.3
John A. Williams,0.4
John A. Williams,0.4
John A. Williams,0.4
John A. Williams,0.2
John A. Williams,0.3
John A. Williams,0.0
John Oliver Killens,11.4
John Oliver Killens,11.6
John Oliver Killens,13.8
John Oliver Killens,11.8
John Oliver Killens,12.5
John Oliver Killens,12.3
John Oliver Killens,14.2
John Oliver Killens,17.2
John Oliver Killens,14.4
John Oliver Killens,11.3
John Oliver Killens,12.6
John Oliver Killens,9.5
John Oliver Killens,10.3
John Oliver Killens,13.0
John Oliver Killens,10.3
John Oliver Killens,11.5
John Oliver Killens,15.5
John Oliver Killens,14.2
John Oliver Killens,13.8
John Oliver Killens,25.0
John Oliver Killens,18.2
John Oliver Killens,15.3
John Oliver Killens,17.2
John Oliver Killens,12.7
John Oliver Killens,11.8
John Oliver Killens,12.0
John Oliver Killens,9.8
John Oliver Killens,14.6
John Oliver Killens,15.3
John Oliver Killens,11.0
John Oliver Killens,13.5
John Oliver Killens,21.3
John Oliver Killens,14.9
John Oliver Killens,38.3
John Oliver Killens,13.1
John Oliver Killens,12.3
John Oliver Killens,10.5
John Oliver Killens,12.0
John Oliver Killens,13.6
John Oliver Killens,19.0
John Oliver Killens,13.9
John Oliver Killens,15.1
John Oliver Killens,17.5
John Oliver Killens,24.3
John Oliver Killens,20.2
John Oliver Killens,18.5
John Oliver Killens,11.8
John Oliver Killens,9.8
John Oliver Killens,10.2
John Oliver Killens,11.9
John Oliver Killens,10.6
John Oliver Killens,11.1
John Oliver Killens,11.0
John Oliver Killens,9.2
John Oliver Killens,14.0
John Oliver Killens,16.1
John Oliver Killens,11.5
John Oliver Killens,17.9
John Oliver Killens,13.0
John Oliver Killens,24.0
John Oliver Killens,15.7
John Oliver Killens,13.5
John Oliver Killens,13.9
John Oliver Killens,11.7
John Oliver Killens,14.8
John Oliver Killens,11.1
John Oliver Killens,16.1
John Oliver Killens,23.3
John Oliver Killens,15.6
John Oliver Killens,11.6
John Oliver Killens,14.3
John Oliver Killens,12.3
John Oliver Killens,18.5
John Oliver Killens,20.0
John Oliver Killens,13.7
John Oliver Killens,10.7
John Oliver Killens,10.3
John Oliver Killens,9.3
John Oliver Killens,14.7
John Oliver Killens,18.4
John Oliver Killens,8.0
Langston Hughes,1381.9
Langston Hughes,1310.7
Langston Hughes,1760.3
Langston Hughes,1837.5
Langston Hughes,1917.1
Langston Hughes,1753.6
Langston Hughes,2317.6
Langston Hughes,4395.4
Langston Hughes,2479.1
Langston Hughes,2267.8
Langston Hughes,1913.3
Langston Hughes,1295.7
Langston Hughes,1170.6
Langston Hughes,1285.5
Langston Hughes,2062.2
Langston Hughes,1983.0
Langston Hughes,2384.1
Langston Hughes,1742.3
Langston Hughes,2516.2
Langston Hughes,5013.1
Langston Hughes,2584.6
Langston Hughes,1946.9
Langston Hughes,1825.0
Langston Hughes,1121.8
Langston Hughes,1055.5
Langston Hughes,1153.5
Langston Hughes,1712.0
Langston Hughes,2292.5
Langston Hughes,2040.3
Langston Hughes,1828.1
Langston Hughes,3074.5
Langston Hughes,5063.1
Langston Hughes,2928.0
Langston Hughes,2558.6
Langston Hughes,2050.7
Langston Hughes,1227.9
Langston Hughes,1520.6
Langston Hughes,1634.6
Langston Hughes,1785.9
Langston Hughes,1756.0
Langston Hughes,1775.0
Langston Hughes,1488.9
Langston Hughes,2447.1
Langston Hughes,5569.6
Langston Hughes,2630.0
Langston Hughes,2111.9
Langston Hughes,1790.7
Langston Hughes,1286.3
Langston Hughes,1478.0
Langston Hughes,1464.3
Langston Hughes,1716.1
Langston Hughes,1757.0
Langston Hughes,2166.3
Langston Hughes,1483.1
Langston Hughes,2196.2
Langston Hughes,4283.3
Langston Hughes,1972.6
Langston Hughes,1881.4
Langston Hughes,1811.8
Langston Hughes,3694.7
Langston Hughes,2047.0
Langston Hughes,1610.0
Langston Hughes,2538.9
Langston Hughes,2030.5
Langston Hughes,2039.8
Langston Hughes,1661.8
Langston Hughes,2246.3
Langston Hughes,4454.0
Langston Hughes,2259.1
Langston Hughes,1840.1
Langston Hughes,1666.7
Langston Hughes,1335.5
Langston Hughes,1319.8
Langston Hughes,1181.0
Langston Hughes,1913.7
Langston Hughes,1784.5
Langston Hughes,1721.9
Langston Hughes,1398.2
Langston Hughes,1685.5
Langston Hughes,3473.4
Langston Hughes,2624.5
Margaret Walker,53.3
Margaret Walker,43.6
Margaret Walker,48.9
Margaret Walker,47.2
Margaret Walker,43.9
Margaret Walker,43.5
Margaret Walker,44.8
Margaret Walker,85.5
Margaret Walker,69.5
Margaret Walker,58.1
Margaret Walker,42.4
Margaret Walker,54.3
Margaret Walker,51.3
Margaret Walker,49.7
Margaret Walker,48.4
Margaret Walker,53.6
Margaret Walker,51.8
Margaret Walker,43.7
Margaret Walker,55.3
Margaret Walker,97.4
Margaret Walker,61.3
Margaret Walker,47.0
Margaret Walker,46.5
Margaret Walker,35.0
Margaret Walker,47.5
Margaret Walker,47.6
Margaret Walker,49.1
Margaret Walker,52.8
Margaret Walker,51.7
Margaret Walker,42.6
Margaret Walker,52.7
Margaret Walker,117.4
Margaret Walker,69.6
Margaret Walker,61.9
Margaret Walker,54.6
Margaret Walker,37.6
Margaret Walker,44.6
Margaret Walker,45.6
Margaret Walker,41.9
Margaret Walker,41.7
Margaret Walker,46.9
Margaret Walker,43.1
Margaret Walker,60.5
Margaret Walker,93.5
Margaret Walker,56.4
Margaret Walker,59.0
Margaret Walker,42.1
Margaret Walker,34.5
Margaret Walker,51.6
Margaret Walker,44.7
Margaret Walker,47.5
Margaret Walker,44.9
Margaret Walker,53.6
Margaret Walker,43.4
Margaret Walker,54.9
Margaret Walker,84.8
Margaret Walker,54.3
Margaret Walker,51.5
Margaret Walker,50.1
Margaret Walker,87.3
Margaret Walker,79.8
Margaret Walker,49.3
Margaret Walker,51.8
Margaret Walker,58.5
Margaret Walker,50.0
Margaret Walker,43.3
Margaret Walker,48.7
Margaret Walker,107.8
Margaret Walker,64.2
Margaret Walker,51.9
Margaret Walker,50.4
Margaret Walker,39.8
Margaret Walker,47.2
Margaret Walker,34.7
Margaret Walker,41.5
Margaret Walker,37.6
Margaret Walker,42.4
Margaret Walker,34.9
Margaret Walker,49.2
Margaret Walker,74.6
Margaret Walker,54.5
Marlon James,19.9
Marlon James,23.5
Marlon James,26.1
Marlon James,80.0
Marlon James,35.3
Marlon James,53.8
Marlon James,31.9
Marlon James,24.0
Marlon James,20.0
Marlon James,23.9
Marlon James,12.0
Marlon James,9.1
Marlon James,7.4
Marlon James,5.8
Marlon James,8.3
Marlon James,7.2
Marlon James,6.6
Marlon James,5.5
Marlon James,10.8
Marlon James,4.6
Marlon James,3.5
Marlon James,4.2
Marlon James,4.1
Marlon James,3.4
Marlon James,3.4
Marlon James,3.5
Marlon James,2.6
Marlon James,3.1
Marlon James,2.7
Marlon James,3.1
Marlon James,4.0
Marlon James,3.5
Marlon James,3.6
Marlon James,2.8
Marlon James,2.5
Marlon James,3.0
Marlon James,3.9
Marlon James,2.7
Marlon James,3.1
Marlon James,2.4
Marlon James,3.2
Marlon James,3.5
Marlon James,10.3
Marlon James,24.3
Marlon James,12.5
Marlon James,7.1
Marlon James,7.5
Marlon James,4.2
Marlon James,3.5
Marlon James,4.4
Marlon James,4.0
Marlon James,5.5
Marlon James,5.3
Marlon James,4.5
Marlon James,6.2
Marlon James,4.8
Marlon James,3.9
Marlon James,4.6
Marlon James,4.2
Marlon James,6.1
Marlon James,4.2
Marlon James,3.1
Marlon James,3.6
Marlon James,3.4
Marlon James,3.3
Marlon James,3.2
Marlon James,3.4
Marlon James,3.9
Marlon James,3.4
Marlon James,3.1
Marlon James,4.0
Marlon James,3.3
Marlon James,1.9
Marlon James,2.5
Marlon James,2.7
Marlon James,1.8
Marlon James,3.8
Marlon James,2.5
Marlon James,4.2
Marlon James,10.5
Marlon James,12.5
Nalo Hopkinson,37.8
Nalo Hopkinson,46.0
Nalo Hopkinson,38.1
Nalo Hopkinson,44.3
Nalo Hopkinson,50.8
Nalo Hopkinson,47.5
Nalo Hopkinson,44.0
Nalo Hopkinson,49.4
Nalo Hopkinson,45.6
Nalo Hopkinson,46.9
Nalo Hopkinson,47.4
Nalo Hopkinson,44.2
Nalo Hopkinson,36.3
Nalo Hopkinson,41.7
Nalo Hopkinson,42.1
Nalo Hopkinson,47.2
Nalo Hopkinson,46.6
Nalo Hopkinson,46.0
Nalo Hopkinson,44.3
Nalo Hopkinson,56.3
Nalo Hopkinson,49.2
Nalo Hopkinson,47.2
Nalo Hopkinson,44.5
Nalo Hopkinson,39.1
Nalo Hopkinson,43.2
Nalo Hopkinson,49.9
Nalo Hopkinson,44.2
Nalo Hopkinson,46.9
Nalo Hopkinson,48.4
Nalo Hopkinson,53.4
Nalo Hopkinson,51.3
Nalo Hopkinson,72.2
Nalo Hopkinson,71.2
Nalo Hopkinson,45.1
Nalo Hopkinson,54.3
Nalo Hopkinson,55.9
Nalo Hopkinson,54.4
Nalo Hopkinson,53.1
Nalo Hopkinson,50.9
Nalo Hopkinson,49.2
Nalo Hopkinson,47.3
Nalo Hopkinson,49.2
Nalo Hopkinson,51.4
Nalo Hopkinson,54.5
Nalo Hopkinson,51.7
Nalo Hopkinson,52.5
Nalo Hopkinson,45.9
Nalo Hopkinson,45.9
Nalo Hopkinson,40.4
Nalo Hopkinson,43.1
Nalo Hopkinson,44.8
Nalo Hopkinson,45.5
Nalo Hopkinson,46.2
Nalo Hopkinson,45.9
Nalo Hopkinson,53.4
Nalo Hopkinson,59.8
Nalo Hopkinson,47.8
Nalo Hopkinson,57.0
Nalo Hopkinson,49.5
Nalo Hopkinson,96.7
Nalo Hopkinson,56.9
Nalo Hopkinson,54.6
Nalo Hopkinson,51.5
Nalo Hopkinson,51.0
Nalo Hopkinson,52.9
Nalo Hopkinson,84.9
Nalo Hopkinson,89.2
Nalo Hopkinson,78.7
Nalo Hopkinson,74.8
Nalo Hopkinson,66.2
Nalo Hopkinson,51.0
Nalo Hopkinson,59.2
Nalo Hopkinson,62.9
Nalo Hopkinson,44.6
Nalo Hopkinson,44.1
Nalo Hopkinson,46.5
Nalo Hopkinson,45.9
Nalo Hopkinson,39.8
Nalo Hopkinson,44.9
Nalo Hopkinson,54.6
Nalo Hopkinson,45.0
Nella Larsen,54.9
Nella Larsen,53.9
Nella Larsen,82.9
Nella Larsen,109.6
Nella Larsen,108.0
Nella Larsen,93.2
Nella Larsen,106.9
Nella Larsen,162.0
Nella Larsen,142.4
Nella Larsen,134.7
Nella Larsen,88.0
Nella Larsen,55.0
Nella Larsen,56.0
Nella Larsen,57.1
Nella Larsen,79.1
Nella Larsen,106.5
Nella Larsen,110.8
Nella Larsen,88.1
Nella Larsen,99.3
Nella Larsen,178.1
Nella Larsen,146.2
Nella Larsen,119.0
Nella Larsen,86.2
Nella Larsen,53.0
Nella Larsen,46.2
Nella Larsen,45.4
Nella Larsen,66.9
Nella Larsen,87.3
Nella Larsen,83.5
Nella Larsen,76.5
Nella Larsen,109.1
Nella Larsen,136.1
Nella Larsen,187.7
Nella Larsen,118.8
Nella Larsen,89.9
Nella Larsen,60.1
Nella Larsen,61.2
Nella Larsen,87.9
Nella Larsen,72.5
Nella Larsen,90.9
Nella Larsen,85.3
Nella Larsen,74.4
Nella Larsen,82.4
Nella Larsen,138.0
Nella Larsen,117.0
Nella Larsen,100.1
Nella Larsen,79.4
Nella Larsen,54.6
Nella Larsen,47.8
Nella Larsen,52.8
Nella Larsen,67.7
Nella Larsen,98.0
Nella Larsen,116.0
Nella Larsen,90.7
Nella Larsen,104.8
Nella Larsen,153.4
Nella Larsen,100.8
Nella Larsen,127.8
Nella Larsen,116.6
Nella Larsen,278.5
Nella Larsen,223.4
Nella Larsen,213.2
Nella Larsen,176.6
Nella Larsen,176.2
Nella Larsen,158.1
Nella Larsen,152.5
Nella Larsen,218.9
Nella Larsen,337.5
Nella Larsen,242.3
Nella Larsen,174.8
Nella Larsen,161.4
Nella Larsen,112.4
Nella Larsen,188.8
Nella Larsen,120.8
Nella Larsen,434.3
Nella Larsen,547.0
Nella Larsen,1817.4
Nella Larsen,537.9
Nella Larsen,442.5
Nella Larsen,369.3
Nella Larsen,283.0
Octavia E. Butler,354.7
Octavia E. Butler,337.8
Octavia E. Butler,419.1
Octavia E. Butler,357.0
Octavia E. Butler,418.1
Octavia E. Butler,387.2
Octavia E. Butler,648.4
Octavia E. Butler,695.9
Octavia E. Butler,536.1
Octavia E. Butler,469.1
Octavia E. Butler,409.4
Octavia E. Butler,390.0
Octavia E. Butler,541.5
Octavia E. Butler,438.0
Octavia E. Butler,432.0
Octavia E. Butler,455.9
Octavia E. Butler,525.1
Octavia E. Butler,536.2
Octavia E. Butler,603.8
Octavia E. Butler,775.8
Octavia E. Butler,626.4
Octavia E. Butler,637.0
Octavia E. Butler,523.0
Octavia E. Butler,570.9
Octavia E. Butler,912.5
Octavia E. Butler,770.1
Octavia E. Butler,567.5
Octavia E. Butler,581.2
Octavia E. Butler,613.2
Octavia E. Butler,654.5
Octavia E. Butler,747.8
Octavia E. Butler,979.0
Octavia E. Butler,729.1
Octavia E. Butler,693.1
Octavia E. Butler,617.7
Octavia E. Butler,15745.7
Octavia E. Butler,943.8
Octavia E. Butler,693.6
Octavia E. Butler,572.0
Octavia E. Butler,590.3
Octavia E. Butler,618.0
Octavia E. Butler,608.1
Octavia E. Butler,635.3
Octavia E. Butler,870.9
Octavia E. Butler,751.4
Octavia E. Butler,664.7
Octavia E. Butler,621.2
Octavia E. Butler,688.3
Octavia E. Butler,586.5
Octavia E. Butler,593.5
Octavia E. Butler,593.0
Octavia E. Butler,618.3
Octavia E. Butler,648.0
Octavia E. Butler,659.0
Octavia E. Butler,817.6
Octavia E. Butler,931.2
Octavia E. Butler,833.9
Octavia E. Butler,876.3
Octavia E. Butler,928.9
Octavia E. Butler,1917.4
Octavia E. Butler,1400.3
Octavia E. Butler,1196.6
Octavia E. Butler,1590.5
Octavia E. Butler,1125.8
Octavia E. Butler,1080.5
Octavia E. Butler,1027.7
Octavia E. Butler,1311.6
Octavia E. Butler,3135.1
Octavia E. Butler,3125.8
Octavia E. Butler,1376.5
Octavia E. Butler,1117.8
Octavia E. Butler,1314.9
Octavia E. Butler,1084.7
Octavia E. Butler,1087.9
Octavia E. Butler,1048.0
Octavia E. Butler,999.7
Octavia E. Butler,898.6
Octavia E. Butler,892.0
Octavia E. Butler,1019.7
Octavia E. Butler,1432.0
Octavia E. Butler,1267.5
Paul Beatty,42.5
Paul Beatty,35.8
Paul Beatty,34.0
Paul Beatty,33.5
Paul Beatty,27.8
Paul Beatty,112.5
Paul Beatty,61.6
Paul Beatty,60.5
Paul Beatty,125.7
Paul Beatty,73.6
Paul Beatty,61.2
Paul Beatty,66.7
Paul Beatty,72.4
Paul Beatty,68.5
Paul Beatty,107.8
Paul Beatty,1280.1
Paul Beatty,559.7
Paul Beatty,648.9
Paul Beatty,609.5
Paul Beatty,460.8
Paul Beatty,425.7
Paul Beatty,369.2
Paul Beatty,323.0
Paul Beatty,269.2
Paul Beatty,251.1
Paul Beatty,232.7
Paul Beatty,224.7
Paul Beatty,282.2
Paul Beatty,171.8
Paul Beatty,168.5
Paul Beatty,189.8
Paul Beatty,166.1
Paul Beatty,153.5
Paul Beatty,155.6
Paul Beatty,151.7
Paul Beatty,128.5
Paul Beatty,147.2
Paul Beatty,131.4
Paul Beatty,126.4
Paul Beatty,141.2
Paul Beatty,108.3
Paul Beatty,114.1
Paul Beatty,137.5
Paul Beatty,124.6
Paul Beatty,104.7
Paul Beatty,96.8
Paul Beatty,97.5
Paul Beatty,103.7
Paul Beatty,101.7
Paul Beatty,107.9
Paul Beatty,99.7
Paul Beatty,104.7
Paul Beatty,105.4
Paul Beatty,103.3
Paul Beatty,116.0
Paul Beatty,113.4
Paul Beatty,91.7
Paul Beatty,119.3
Paul Beatty,120.5
Paul Beatty,204.7
Paul Beatty,144.2
Paul Beatty,113.5
Paul Beatty,103.3
Paul Beatty,100.3
Paul Beatty,134.5
Paul Beatty,107.1
Paul Beatty,120.5
Paul Beatty,124.9
Paul Beatty,112.2
Paul Beatty,102.2
Paul Beatty,101.3
Paul Beatty,93.4
Paul Beatty,97.9
Paul Beatty,92.4
Paul Beatty,98.2
Paul Beatty,91.7
Paul Beatty,90.4
Paul Beatty,77.6
Paul Beatty,101.1
Paul Beatty,105.1
Paul Beatty,95.5
Paul Laurence Dunbar,167.9
Paul Laurence Dunbar,186.3
Paul Laurence Dunbar,265.2
Paul Laurence Dunbar,266.6
Paul Laurence Dunbar,232.0
Paul Laurence Dunbar,215.2
Paul Laurence Dunbar,284.3
Paul Laurence Dunbar,562.4
Paul Laurence Dunbar,296.7
Paul Laurence Dunbar,262.9
Paul Laurence Dunbar,233.3
Paul Laurence Dunbar,188.7
Paul Laurence Dunbar,149.3
Paul Laurence Dunbar,186.9
Paul Laurence Dunbar,252.2
Paul Laurence Dunbar,259.3
Paul Laurence Dunbar,251.6
Paul Laurence Dunbar,218.9
Paul Laurence Dunbar,299.0
Paul Laurence Dunbar,667.6
Paul Laurence Dunbar,340.2
Paul Laurence Dunbar,285.5
Paul Laurence Dunbar,229.3
Paul Laurence Dunbar,193.7
Paul Laurence Dunbar,177.4
Paul Laurence Dunbar,243.5
Paul Laurence Dunbar,259.8
Paul Laurence Dunbar,276.2
Paul Laurence Dunbar,280.7
Paul Laurence Dunbar,226.8
Paul Laurence Dunbar,320.1
Paul Laurence Dunbar,602.3
Paul Laurence Dunbar,322.8
Paul Laurence Dunbar,304.7
Paul Laurence Dunbar,264.7
Paul Laurence Dunbar,221.3
Paul Laurence Dunbar,159.9
Paul Laurence Dunbar,190.9
Paul Laurence Dunbar,252.5
Paul Laurence Dunbar,236.8
Paul Laurence Dunbar,242.6
Paul Laurence Dunbar,182.5
Paul Laurence Dunbar,250.9
Paul Laurence Dunbar,521.5
Paul Laurence Dunbar,281.0
Paul Laurence Dunbar,244.9
Paul Laurence Dunbar,215.5
Paul Laurence Dunbar,237.9
Paul Laurence Dunbar,168.2
Paul Laurence Dunbar,191.7
Paul Laurence Dunbar,229.4
Paul Laurence Dunbar,249.5
Paul Laurence Dunbar,219.4
Paul Laurence Dunbar,188.6
Paul Laurence Dunbar,261.5
Paul Laurence Dunbar,521.1
Paul Laurence Dunbar,216.8
Paul Laurence Dunbar,238.8
Paul Laurence Dunbar,223.0
Paul Laurence Dunbar,420.5
Paul Laurence Dunbar,239.6
Paul Laurence Dunbar,213.8
Paul Laurence Dunbar,282.3
Paul Laurence Dunbar,268.5
Paul Laurence Dunbar,231.4
Paul Laurence Dunbar,212.5
Paul Laurence Dunbar,274.2
Paul Laurence Dunbar,549.1
Paul Laurence Dunbar,481.2
Paul Laurence Dunbar,246.4
Paul Laurence Dunbar,207.5
Paul Laurence Dunbar,247.3
Paul Laurence Dunbar,169.0
Paul Laurence Dunbar,179.1
Paul Laurence Dunbar,217.0
Paul Laurence Dunbar,206.4
Paul Laurence Dunbar,195.2
Paul Laurence Dunbar,169.0
Paul Laurence Dunbar,231.0
Paul Laurence Dunbar,494.8
Paul Laurence Dunbar,300.5
Paule Marshall,26.3
Paule Marshall,22.2
Paule Marshall,38.1
Paule Marshall,30.8
Paule Marshall,29.3
Paule Marshall,23.1
Paule Marshall,32.2
Paule Marshall,36.8
Paule Marshall,28.9
Paule Marshall,30.3
Paule Marshall,28.2
Paule Marshall,20.5
Paule Marshall,17.8
Paule Marshall,19.9
Paule Marshall,30.8
Paule Marshall,29.8
Paule Marshall,33.6
Paule Marshall,26.6
Paule Marshall,28.0
Paule Marshall,37.0
Paule Marshall,37.1
Paule Marshall,31.7
Paule Marshall,24.8
Paule Marshall,17.6
Paule Marshall,17.1
Paule Marshall,16.9
Paule Marshall,21.0
Paule Marshall,23.5
Paule Marshall,28.8
Paule Marshall,27.8
Paule Marshall,29.1
Paule Marshall,36.6
Paule Marshall,32.1
Paule Marshall,36.4
Paule Marshall,24.5
Paule Marshall,20.2
Paule Marshall,21.5
Paule Marshall,19.7
Paule Marshall,21.9
Paule Marshall,28.4
Paule Marshall,27.2
Paule Marshall,20.8
Paule Marshall,25.5
Paule Marshall,31.2
Paule Marshall,28.1
Paule Marshall,30.4
Paule Marshall,24.8
Paule Marshall,19.9
Paule Marshall,19.9
Paule Marshall,248.5
Paule Marshall,41.5
Paule Marshall,31.7
Paule Marshall,29.9
Paule Marshall,33.9
Paule Marshall,34.2
Paule Marshall,40.4
Paule Marshall,26.7
Paule Marshall,33.2
Paule Marshall,27.0
Paule Marshall,31.7
Paule Marshall,25.5
Paule Marshall,25.7
Paule Marshall,24.0
Paule Marshall,25.0
Paule Marshall,23.2
Paule Marshall,20.1
Paule Marshall,26.4
Paule Marshall,37.6
Paule Marshall,34.6
Paule Marshall,36.7
Paule Marshall,22.2
Paule Marshall,20.6
Paule Marshall,22.5
Paule Marshall,23.5
Paule Marshall,20.3
Paule Marshall,20.8
Paule Marshall,22.0
Paule Marshall,20.0
Paule Marshall,23.8
Paule Marshall,25.3
Paule Marshall,30.0
Pauline Hopkins,15.6
Pauline Hopkins,14.1
Pauline Hopkins,26.0
Pauline Hopkins,30.4
Pauline Hopkins,30.4
Pauline Hopkins,19.5
Pauline Hopkins,23.6
Pauline Hopkins,36.0
Pauline Hopkins,24.8
Pauline Hopkins,23.1
Pauline Hopkins,18.2
Pauline Hopkins,14.3
Pauline Hopkins,13.7
Pauline Hopkins,12.6
Pauline Hopkins,24.1
Pauline Hopkins,29.0
Pauline Hopkins,23.7
Pauline Hopkins,19.8
Pauline Hopkins,19.7
Pauline Hopkins,34.5
Pauline Hopkins,28.1
Pauline Hopkins,25.3
Pauline Hopkins,17.4
Pauline Hopkins,11.6
Pauline Hopkins,11.8
Pauline Hopkins,14.2
Pauline Hopkins,21.3
Pauline Hopkins,27.7
Pauline Hopkins,34.4
Pauline Hopkins,25.4
Pauline Hopkins,28.8
Pauline Hopkins,44.3
Pauline Hopkins,27.6
Pauline Hopkins,26.5
Pauline Hopkins,18.8
Pauline Hopkins,15.0
Pauline Hopkins,17.7
Pauline Hopkins,16.4
Pauline Hopkins,26.2
Pauline Hopkins,32.0
Pauline Hopkins,21.4
Pauline Hopkins,18.5
Pauline Hopkins,24.8
Pauline Hopkins,36.1
Pauline Hopkins,28.6
Pauline Hopkins,29.0
Pauline Hopkins,22.6
Pauline Hopkins,15.2
Pauline Hopkins,17.6
Pauline Hopkins,17.0
Pauline Hopkins,27.2
Pauline Hopkins,32.8
Pauline Hopkins,26.0
Pauline Hopkins,21.6
Pauline Hopkins,26.1
Pauline Hopkins,36.5
Pauline Hopkins,26.1
Pauline Hopkins,23.8
Pauline Hopkins,17.1
Pauline Hopkins,24.4
Pauline Hopkins,22.8
Pauline Hopkins,20.0
Pauline Hopkins,27.2
Pauline Hopkins,28.8
Pauline Hopkins,22.7
Pauline Hopkins,19.2
Pauline Hopkins,22.9
Pauline Hopkins,43.0
Pauline Hopkins,33.5
Pauline Hopkins,24.0
Pauline Hopkins,19.7
Pauline Hopkins,17.8
Pauline Hopkins,14.4
Pauline Hopkins,17.3
Pauline Hopkins,20.6
Pauline Hopkins,28.0
Pauline Hopkins,25.1
Pauline Hopkins,14.7
Pauline Hopkins,21.1
Pauline Hopkins,34.3
Pauline Hopkins,24.0
Ralph Ellison,344.4
Ralph Ellison,339.1
Ralph Ellison,342.1
Ralph Ellison,344.2
Ralph Ellison,358.6
Ralph Ellison,316.8
Ralph Ellison,438.6
Ralph Ellison,727.9
Ralph Ellison,453.0
Ralph Ellison,421.6
Ralph Ellison,376.8
Ralph Ellison,332.0
Ralph Ellison,286.8
Ralph Ellison,337.2
Ralph Ellison,354.7
Ralph Ellison,428.2
Ralph Ellison,453.6
Ralph Ellison,459.5
Ralph Ellison,470.2
Ralph Ellison,709.2
Ralph Ellison,488.4
Ralph Ellison,423.8
Ralph Ellison,373.6
Ralph Ellison,333.6
Ralph Ellison,309.6
Ralph Ellison,436.9
Ralph Ellison,356.9
Ralph Ellison,403.1
Ralph Ellison,381.9
Ralph Ellison,337.7
Ralph Ellison,457.5
Ralph Ellison,619.9
Ralph Ellison,439.5
Ralph Ellison,423.9
Ralph Ellison,538.1
Ralph Ellison,427.0
Ralph Ellison,338.5
Ralph Ellison,363.9
Ralph Ellison,466.4
Ralph Ellison,431.5
Ralph Ellison,408.8
Ralph Ellison,369.2
Ralph Ellison,431.0
Ralph Ellison,751.5
Ralph Ellison,554.9
Ralph Ellison,436.1
Ralph Ellison,363.4
Ralph Ellison,422.2
Ralph Ellison,300.7
Ralph Ellison,346.1
Ralph Ellison,341.0
Ralph Ellison,369.9
Ralph Ellison,397.1
Ralph Ellison,461.8
Ralph Ellison,438.1
Ralph Ellison,638.7
Ralph Ellison,456.4
Ralph Ellison,483.8
Ralph Ellison,447.7
Ralph Ellison,1521.1
Ralph Ellison,643.9
Ralph Ellison,523.5
Ralph Ellison,509.1
Ralph Ellison,474.6
Ralph Ellison,441.5
Ralph Ellison,519.7
Ralph Ellison,511.9
Ralph Ellison,859.9
Ralph Ellison,557.4
Ralph Ellison,622.8
Ralph Ellison,481.1
Ralph Ellison,595.0
Ralph Ellison,380.6
Ralph Ellison,344.8
Ralph Ellison,363.9
Ralph Ellison,418.5
Ralph Ellison,391.6
Ralph Ellison,326.5
Ralph Ellison,401.9
Ralph Ellison,596.2
Ralph Ellison,756.5
Richard Wright,433.8
Richard Wright,517.6
Richard Wright,595.2
Richard Wright,586.3
Richard Wright,564.1
Richard Wright,495.9
Richard Wright,588.6
Richard Wright,917.3
Richard Wright,603.6
Richard Wright,581.9
Richard Wright,502.4
Richard Wright,386.6
Richard Wright,381.7
Richard Wright,416.3
Richard Wright,549.7
Richard Wright,540.7
Richard Wright,579.3
Richard Wright,512.8
Richard Wright,1120.5
Richard Wright,1189.8
Richard Wright,701.0
Richard Wright,567.4
Richard Wright,527.1
Richard Wright,402.7
Richard Wright,408.6
Richard Wright,426.8
Richard Wright,518.3
Richard Wright,580.8
Richard Wright,530.5
Richard Wright,444.6
Richard Wright,622.9
Richard Wright,873.4
Richard Wright,673.4
Richard Wright,620.1
Richard Wright,568.3
Richard Wright,449.3
Richard Wright,401.6
Richard Wright,447.0
Richard Wright,539.5
Richard Wright,503.0
Richard Wright,489.3
Richard Wright,472.5
Richard Wright,717.4
Richard Wright,897.7
Richard Wright,652.9
Richard Wright,962.9
Richard Wright,516.1
Richard Wright,411.5
Richard Wright,372.1
Richard Wright,426.1
Richard Wright,482.4
Richard Wright,486.3
Richard Wright,472.5
Richard Wright,394.6
Richard Wright,493.1
Richard Wright,759.8
Richard Wright,437.4
Richard Wright,467.3
Richard Wright,512.7
Richard Wright,1186.9
Richard Wright,705.2
Richard Wright,608.6
Richard Wright,598.8
Richard Wright,566.0
Richard Wright,537.5
Richard Wright,525.4
Richard Wright,572.5
Richard Wright,1300.1
Richard Wright,678.0
Richard Wright,743.9
Richard Wright,686.0
Richard Wright,484.7
Richard Wright,473.2
Richard Wright,414.6
Richard Wright,475.6
Richard Wright,467.3
Richard Wright,428.7
Richard Wright,390.5
Richard Wright,487.4
Richard Wright,725.5
Richard Wright,583.5
Rudolph Fisher,10.4
Rudolph Fisher,8.2
Rudolph Fisher,14.3
Rudolph Fisher,19.8
Rudolph Fisher,16.9
Rudolph Fisher,15.8
Rudolph Fisher,18.5
Rudolph Fisher,33.0
Rudolph Fisher,18.8
Rudolph Fisher,17.2
Rudolph Fisher,12.5
Rudolph Fisher,7.9
Rudolph Fisher,6.3
Rudolph Fisher,8.1
Rudolph Fisher,10.3
Rudolph Fisher,13.4
Rudolph Fisher,14.7
Rudolph Fisher,15.5
Rudolph Fisher,18.9
Rudolph Fisher,37.7
Rudolph Fisher,22.6
Rudolph Fisher,18.2
Rudolph Fisher,21.7
Rudolph Fisher,9.3
Rudolph Fisher,8.8
Rudolph Fisher,7.5
Rudolph Fisher,13.3
Rudolph Fisher,20.5
Rudolph Fisher,16.4
Rudolph Fisher,18.5
Rudolph Fisher,19.9
Rudolph Fisher,36.6
Rudolph Fisher,22.3
Rudolph Fisher,21.2
Rudolph Fisher,21.2
Rudolph Fisher,8.4
Rudolph Fisher,10.0
Rudolph Fisher,12.5
Rudolph Fisher,18.4
Rudolph Fisher,21.5
Rudolph Fisher,19.3
Rudolph Fisher,21.6
Rudolph Fisher,20.7
Rudolph Fisher,31.1
Rudolph Fisher,24.5
Rudolph Fisher,19.1
Rudolph Fisher,15.7
Rudolph Fisher,8.9
Rudolph Fisher,11.0
Rudolph Fisher,8.7
Rudolph Fisher,14.6
Rudolph Fisher,23.4
Rudolph Fisher,17.9
Rudolph Fisher,15.6
Rudolph Fisher,22.4
Rudolph Fisher,42.1
Rudolph Fisher,21.0
Rudolph Fisher,18.5
Rudolph Fisher,14.5
Rudolph Fisher,15.4
Rudolph Fisher,11.7
Rudolph Fisher,10.3
Rudolph Fisher,15.3
Rudolph Fisher,19.3
Rudolph Fisher,21.9
Rudolph Fisher,18.2
Rudolph Fisher,31.7
Rudolph Fisher,95.1
Rudolph Fisher,37.5
Rudolph Fisher,24.4
Rudolph Fisher,21.0
Rudolph Fisher,15.3
Rudolph Fisher,11.2
Rudolph Fisher,12.7
Rudolph Fisher,17.7
Rudolph Fisher,17.6
Rudolph Fisher,23.1
Rudolph Fisher,17.5
Rudolph Fisher,26.5
Rudolph Fisher,113.0
Rudolph Fisher,63.5
Sister Souljah,415.2
Sister Souljah,509.0
Sister Souljah,353.9
Sister Souljah,342.7
Sister Souljah,957.8
Sister Souljah,482.7
Sister Souljah,432.2
Sister Souljah,761.1
Sister Souljah,403.5
Sister Souljah,668.4
Sister Souljah,422.4
Sister Souljah,278.8
Sister Souljah,337.4
Sister Souljah,285.0
Sister Souljah,432.4
Sister Souljah,373.2
Sister Souljah,327.3
Sister Souljah,383.6
Sister Souljah,335.9
Sister Souljah,323.1
Sister Souljah,302.5
Sister Souljah,239.2
Sister Souljah,225.8
Sister Souljah,397.5
Sister Souljah,830.8
Sister Souljah,583.3
Sister Souljah,354.6
Sister Souljah,351.2
Sister Souljah,321.5
Sister Souljah,352.4
Sister Souljah,371.2
Sister Souljah,320.3
Sister Souljah,258.7
Sister Souljah,276.3
Sister Souljah,240.6
Sister Souljah,248.9
Sister Souljah,341.5
Sister Souljah,252.8
Sister Souljah,224.6
Sister Souljah,463.9
Sister Souljah,360.8
Sister Souljah,300.7
Sister Souljah,294.2
Sister Souljah,289.0
Sister Souljah,455.0
Sister Souljah,272.6
Sister Souljah,251.6
Sister Souljah,237.0
Sister Souljah,232.9
Sister Souljah,195.4
Sister Souljah,281.4
Sister Souljah,181.1
Sister Souljah,193.9
Sister Souljah,211.6
Sister Souljah,192.7
Sister Souljah,261.8
Sister Souljah,339.9
Sister Souljah,329.7
Sister Souljah,394.4
Sister Souljah,493.0
Sister Souljah,731.5
Sister Souljah,627.3
Sister Souljah,845.3
Sister Souljah,239.3
Sister Souljah,358.2
Sister Souljah,537.7
Sister Souljah,370.5
Sister Souljah,408.7
Sister Souljah,1074.3
Sister Souljah,393.5
Sister Souljah,250.6
Sister Souljah,233.5
Sister Souljah,243.9
Sister Souljah,295.6
Sister Souljah,243.5
Sister Souljah,213.2
Sister Souljah,311.6
Sister Souljah,263.3
Sister Souljah,302.5
Sister Souljah,262.1
Sister Souljah,376.0
Suzan-Lori Parks,54.1
Suzan-Lori Parks,63.7
Suzan-Lori Parks,79.6
Suzan-Lori Parks,93.2
Suzan-Lori Parks,106.9
Suzan-Lori Parks,86.8
Suzan-Lori Parks,87.8
Suzan-Lori Parks,120.3
Suzan-Lori Parks,94.7
Suzan-Lori Parks,140.2
Suzan-Lori Parks,103.2
Suzan-Lori Parks,64.1
Suzan-Lori Parks,65.9
Suzan-Lori Parks,75.3
Suzan-Lori Parks,128.0
Suzan-Lori Parks,137.6
Suzan-Lori Parks,140.0
Suzan-Lori Parks,104.9
Suzan-Lori Parks,89.4
Suzan-Lori Parks,130.6
Suzan-Lori Parks,122.2
Suzan-Lori Parks,136.3
Suzan-Lori Parks,125.5
Suzan-Lori Parks,75.3
Suzan-Lori Parks,62.9
Suzan-Lori Parks,87.2
Suzan-Lori Parks,194.2
Suzan-Lori Parks,117.0
Suzan-Lori Parks,123.3
Suzan-Lori Parks,88.5
Suzan-Lori Parks,89.7
Suzan-Lori Parks,115.9
Suzan-Lori Parks,126.5
Suzan-Lori Parks,149.1
Suzan-Lori Parks,122.7
Suzan-Lori Parks,109.4
Suzan-Lori Parks,89.1
Suzan-Lori Parks,79.3
Suzan-Lori Parks,111.8
Suzan-Lori Parks,128.2
Suzan-Lori Parks,122.5
Suzan-Lori Parks,110.8
Suzan-Lori Parks,124.4
Suzan-Lori Parks,154.5
Suzan-Lori Parks,174.0
Suzan-Lori Parks,271.3
Suzan-Lori Parks,111.9
Suzan-Lori Parks,71.9
Suzan-Lori Parks,68.1
Suzan-Lori Parks,85.1
Suzan-Lori Parks,122.3
Suzan-Lori Parks,130.3
Suzan-Lori Parks,122.2
Suzan-Lori Parks,92.4
Suzan-Lori Parks,99.0
Suzan-Lori Parks,122.3
Suzan-Lori Parks,94.2
Suzan-Lori Parks,133.0
Suzan-Lori Parks,97.1
Suzan-Lori Parks,137.4
Suzan-Lori Parks,92.6
Suzan-Lori Parks,82.2
Suzan-Lori Parks,106.3
Suzan-Lori Parks,115.0
Suzan-Lori Parks,123.4
Suzan-Lori Parks,101.9
Suzan-Lori Parks,123.1
Suzan-Lori Parks,257.3
Suzan-Lori Parks,459.6
Suzan-Lori Parks,262.8
Suzan-Lori Parks,122.3
Suzan-Lori Parks,76.5
Suzan-Lori Parks,77.1
Suzan-Lori Parks,76.5
Suzan-Lori Parks,100.5
Suzan-Lori Parks,115.9
Suzan-Lori Parks,104.7
Suzan-Lori Parks,77.0
Suzan-Lori Parks,83.0
Suzan-Lori Parks,119.3
Suzan-Lori Parks,107.5
Tayari Jones,63.8
Tayari Jones,42.8
Tayari Jones,55.1
Tayari Jones,63.9
Tayari Jones,56.9
Tayari Jones,60.5
Tayari Jones,71.4
Tayari Jones,62.4
Tayari Jones,57.3
Tayari Jones,97.7
Tayari Jones,56.8
Tayari Jones,49.6
Tayari Jones,51.5
Tayari Jones,48.6
Tayari Jones,41.9
Tayari Jones,35.3
Tayari Jones,39.7
Tayari Jones,43.4
Tayari Jones,61.7
Tayari Jones,58.7
Tayari Jones,46.0
Tayari Jones,49.7
Tayari Jones,49.4
Tayari Jones,57.2
Tayari Jones,50.6
Tayari Jones,61.6
Tayari Jones,43.4
Tayari Jones,41.0
Tayari Jones,42.9
Tayari Jones,46.6
Tayari Jones,68.7
Tayari Jones,327.5
Tayari Jones,203.2
Tayari Jones,156.9
Tayari Jones,167.1
Tayari Jones,132.5
Tayari Jones,139.0
Tayari Jones,131.0
Tayari Jones,120.7
Tayari Jones,126.3
Tayari Jones,131.4
Tayari Jones,142.4
Tayari Jones,171.6
Tayari Jones,158.8
Tayari Jones,151.9
Tayari Jones,138.0
Tayari Jones,133.1
Tayari Jones,203.8
Tayari Jones,139.3
Tayari Jones,136.4
Tayari Jones,124.1
Tayari Jones,118.2
Tayari Jones,111.8
Tayari Jones,123.9
Tayari Jones,158.9
Tayari Jones,153.8
Tayari Jones,107.0
Tayari Jones,123.9
Tayari Jones,123.8
Tayari Jones,216.6
Tayari Jones,164.2
Tayari Jones,131.6
Tayari Jones,128.3
Tayari Jones,107.0
Tayari Jones,96.3
Tayari Jones,86.4
Tayari Jones,121.1
Tayari Jones,130.7
Tayari Jones,99.8
Tayari Jones,88.6
Tayari Jones,73.2
Tayari Jones,67.0
Tayari Jones,65.6
Tayari Jones,60.0
Tayari Jones,63.2
Tayari Jones,69.4
Tayari Jones,50.5
Tayari Jones,44.1
Tayari Jones,58.9
Tayari Jones,83.7
Tayari Jones,75.5
Terry McMillan,178.9
Terry McMillan,224.7
Terry McMillan,242.7
Terry McMillan,236.6
Terry McMillan,189.7
Terry McMillan,151.3
Terry McMillan,268.0
Terry McMillan,225.7
Terry McMillan,165.5
Terry McMillan,139.8
Terry McMillan,141.4
Terry McMillan,324.3
Terry McMillan,469.4
Terry McMillan,219.2
Terry McMillan,156.2
Terry McMillan,179.9
Terry McMillan,127.8
Terry McMillan,145.5
Terry McMillan,131.3
Terry McMillan,162.0
Terry McMillan,174.2
Terry McMillan,183.8
Terry McMillan,149.9
Terry McMillan,167.1
Terry McMillan,139.7
Terry McMillan,130.0
Terry McMillan,169.4
Terry McMillan,163.9
Terry McMillan,138.6
Terry McMillan,170.2
Terry McMillan,190.1
Terry McMillan,179.8
Terry McMillan,155.2
Terry McMillan,128.0
Terry McMillan,126.5
Terry McMillan,160.0
Terry McMillan,175.5
Terry McMillan,215.2
Terry McMillan,166.7
Terry McMillan,105.2
Terry McMillan,175.9
Terry McMillan,112.5
Terry McMillan,109.4
Terry McMillan,202.1
Terry McMillan,173.8
Terry McMillan,159.5
Terry McMillan,217.5
Terry McMillan,111.2
Terry McMillan,147.9
Terry McMillan,327.0
Terry McMillan,159.9
Terry McMillan,153.6
Terry McMillan,133.3
Terry McMillan,136.5
Terry McMillan,173.5
Terry McMillan,164.1
Terry McMillan,173.9
Terry McMillan,256.7
Terry McMillan,244.5
Terry McMillan,248.8
Terry McMillan,269.8
Terry McMillan,286.6
Terry McMillan,175.3
Terry McMillan,175.4
Terry McMillan,168.5
Terry McMillan,197.2
Terry McMillan,176.3
Terry McMillan,200.1
Terry McMillan,258.7
Terry McMillan,172.6
Terry McMillan,312.7
Terry McMillan,164.4
Terry McMillan,134.4
Terry McMillan,134.4
Terry McMillan,158.5
Terry McMillan,161.4
Terry McMillan,114.5
Terry McMillan,107.1
Terry McMillan,118.5
Terry McMillan,164.3
Terry McMillan,180.0
Toni Cade Bambara,46.7
Toni Cade Bambara,59.6
Toni Cade Bambara,121.8
Toni Cade Bambara,100.5
Toni Cade Bambara,93.2
Toni Cade Bambara,66.6
Toni Cade Bambara,63.4
Toni Cade Bambara,92.7
Toni Cade Bambara,91.2
Toni Cade Bambara,73.1
Toni Cade Bambara,66.2
Toni Cade Bambara,50.2
Toni Cade Bambara,39.7
Toni Cade Bambara,48.2
Toni Cade Bambara,86.8
Toni Cade Bambara,83.4
Toni Cade Bambara,83.9
Toni Cade Bambara,61.0
Toni Cade Bambara,70.4
Toni Cade Bambara,99.8
Toni Cade Bambara,85.2
Toni Cade Bambara,69.0
Toni Cade Bambara,57.3
Toni Cade Bambara,46.1
Toni Cade Bambara,43.9
Toni Cade Bambara,47.5
Toni Cade Bambara,92.8
Toni Cade Bambara,84.7
Toni Cade Bambara,74.7
Toni Cade Bambara,61.2
Toni Cade Bambara,71.9
Toni Cade Bambara,87.9
Toni Cade Bambara,80.9
Toni Cade Bambara,84.4
Toni Cade Bambara,66.1
Toni Cade Bambara,45.6
Toni Cade Bambara,44.0
Toni Cade Bambara,63.9
Toni Cade Bambara,87.8
Toni Cade Bambara,88.3
Toni Cade Bambara,80.6
Toni Cade Bambara,69.0
Toni Cade Bambara,73.0
Toni Cade Bambara,97.5
Toni Cade Bambara,85.1
Toni Cade Bambara,85.5
Toni Cade Bambara,77.8
Toni Cade Bambara,56.1
Toni Cade Bambara,54.7
Toni Cade Bambara,128.5
Toni Cade Bambara,108.6
Toni Cade Bambara,86.2
Toni Cade Bambara,94.0
Toni Cade Bambara,75.6
Toni Cade Bambara,78.9
Toni Cade Bambara,105.5
Toni Cade Bambara,82.0
Toni Cade Bambara,83.2
Toni Cade Bambara,83.8
Toni Cade Bambara,151.8
Toni Cade Bambara,112.4
Toni Cade Bambara,96.7
Toni Cade Bambara,128.9
Toni Cade Bambara,124.1
Toni Cade Bambara,97.7
Toni Cade Bambara,96.8
Toni Cade Bambara,103.7
Toni Cade Bambara,139.0
Toni Cade Bambara,147.8
Toni Cade Bambara,95.9
Toni Cade Bambara,76.6
Toni Cade Bambara,64.6
Toni Cade Bambara,55.6
Toni Cade Bambara,65.3
Toni Cade Bambara,89.7
Toni Cade Bambara,91.9
Toni Cade Bambara,79.9
Toni Cade Bambara,66.3
Toni Cade Bambara,75.9
Toni Cade Bambara,111.9
Toni Cade Bambara,104.5
Toni Morrison,2133.3
Toni Morrison,1830.1
Toni Morrison,1845.1
Toni Morrison,1626.4
Toni Morrison,2132.9
Toni Morrison,2055.6
Toni Morrison,2152.8
Toni Morrison,2492.3
Toni Morrison,1714.7
Toni Morrison,1590.7
Toni Morrison,1469.6
Toni Morrison,1320.3
Toni Morrison,1246.3
Toni Morrison,1248.6
Toni Morrison,1418.2
Toni Morrison,1950.7
Toni Morrison,1975.7
Toni Morrison,1610.6
Toni Morrison,1870.7
Toni Morrison,2425.2
Toni Morrison,1760.6
Toni Morrison,1540.1
Toni Morrison,1555.5
Toni Morrison,1330.1
Toni Morrison,1223.1
Toni Morrison,1458.0
Toni Morrison,1380.6
Toni Morrison,1501.4
Toni Morrison,1753.4
Toni Morrison,1538.1
Toni Morrison,1820.4
Toni Morrison,2179.6
Toni Morrison,1829.1
Toni Morrison,1666.6
Toni Morrison,1538.3
Toni Morrison,1251.6
Toni Morrison,1192.2
Toni Morrison,1226.2
Toni Morrison,1267.7
Toni Morrison,1455.7
Toni Morrison,1574.2
Toni Morrison,1393.8
Toni Morrison,2034.9
Toni Morrison,2754.8
Toni Morrison,1717.8
Toni Morrison,1748.8
Toni Morrison,1432.8
Toni Morrison,1350.6
Toni Morrison,1687.8
Toni Morrison,36306.9
Toni Morrison,2873.0
Toni Morrison,2513.3
Toni Morrison,2489.0
Toni Morrison,2478.9
Toni Morrison,2849.1
Toni Morrison,3569.2
Toni Morrison,2033.6
Toni Morrison,2304.1
Toni Morrison,2328.1
Toni Morrison,7509.4
Toni Morrison,3303.9
Toni Morrison,2630.7
Toni Morrison,2586.4
Toni Morrison,2282.2
Toni Morrison,2365.0
Toni Morrison,2591.1
Toni Morrison,10226.3
Toni Morrison,6790.3
Toni Morrison,3369.3
Toni Morrison,2952.4
Toni Morrison,2539.7
Toni Morrison,2024.9
Toni Morrison,1872.9
Toni Morrison,1984.5
Toni Morrison,1903.2
Toni Morrison,2904.5
Toni Morrison,2671.1
Toni Morrison,2131.4
Toni Morrison,2339.2
Toni Morrison,3776.8
Toni Morrison,2583.5
W.E.B. Bois,0.1
W.E.B. Bois,0.1
W.E.B. Bois,0.0
W.E.B. Bois,0.0
W.E.B. Bois,0.1
W.E.B. Bois,0.0
W.E.B. Bois,0.0
W.E.B. Bois,0.1
W.E.B. Bois,0.1
W.E.B. Bois,0.1
W.E.B. Bois,0.0
W.E.B. Bois,0.2
W.E.B. Bois,0.1
W.E.B. Bois,0.1
W.E.B. Bois,0.1
W.E.B. Bois,0.1
W.E.B. Bois,0.1
W.E.B. Bois,0.0
W.E.B. Bois,0.1
W.E.B. Bois,0.3
W.E.B. Bois,0.9
W.E.B. Bois,2.0
W.E.B. Bois,1.2
W.E.B. Bois,1.0
W.E.B. Bois,0.7
W.E.B. Bois,0.7
W.E.B. Bois,1.2
W.E.B. Bois,1.8
W.E.B. Bois,1.3
W.E.B. Bois,1.1
W.E.B. Bois,1.4
W.E.B. Bois,3.0
W.E.B. Bois,1.5
W.E.B. Bois,1.9
W.E.B. Bois,1.4
W.E.B. Bois,1.2
W.E.B. Bois,1.3
W.E.B. Bois,0.9
W.E.B. Bois,1.2
W.E.B. Bois,1.1
W.E.B. Bois,1.1
W.E.B. Bois,1.2
W.E.B. Bois,1.5
W.E.B. Bois,2.1
W.E.B. Bois,1.3
W.E.B. Bois,1.4
W.E.B. Bois,1.0
W.E.B. Bois,0.7
W.E.B. Bois,0.6
W.E.B. Bois,1.1
W.E.B. Bois,1.1
W.E.B. Bois,1.9
W.E.B. Bois,1.1
W.E.B. Bois,0.9
W.E.B. Bois,1.1
W.E.B. Bois,2.3
W.E.B. Bois,1.2
W.E.B. Bois,1.3
W.E.B. Bois,0.8
W.E.B. Bois,2.0
W.E.B. Bois,1.8
W.E.B. Bois,1.1
W.E.B. Bois,1.3
W.E.B. Bois,1.7
W.E.B. Bois,1.8
W.E.B. Bois,1.4
W.E.B. Bois,1.9
W.E.B. Bois,2.8
W.E.B. Bois,1.4
W.E.B. Bois,1.1
W.E.B. Bois,1.3
W.E.B. Bois,0.8
W.E.B. Bois,0.8
W.E.B. Bois,1.2
W.E.B. Bois,1.0
W.E.B. Bois,1.1
W.E.B. Bois,1.0
W.E.B. Bois,0.5
W.E.B. Bois,1.1
W.E.B. Bois,1.9
W.E.B. Bois,1.5
Walter Mosley,192.5
Walter Mosley,237.4
Walter Mosley,177.1
Walter Mosley,151.8
Walter Mosley,174.4
Walter Mosley,161.0
Walter Mosley,175.7
Walter Mosley,224.8
Walter Mosley,168.4
Walter Mosley,172.5
Walter Mosley,172.5
Walter Mosley,437.9
Walter Mosley,368.3
Walter Mosley,277.3
Walter Mosley,227.5
Walter Mosley,442.2
Walter Mosley,237.4
Walter Mosley,219.2
Walter Mosley,254.9
Walter Mosley,300.5
Walter Mosley,225.2
Walter Mosley,181.0
Walter Mosley,175.0
Walter Mosley,188.2
Walter Mosley,181.6
Walter Mosley,170.6
Walter Mosley,147.0
Walter Mosley,150.8
Walter Mosley,175.4
Walter Mosley,153.4
Walter Mosley,196.4
Walter Mosley,279.3
Walter Mosley,215.7
Walter Mosley,293.6
Walter Mosley,166.5
Walter Mosley,193.5
Walter Mosley,224.4
Walter Mosley,254.3
Walter Mosley,203.7
Walter Mosley,201.1
Walter Mosley,183.0
Walter Mosley,164.8
Walter Mosley,186.8
Walter Mosley,220.1
Walter Mosley,165.8
Walter Mosley,170.8
Walter Mosley,163.6
Walter Mosley,160.9
Walter Mosley,216.0
Walter Mosley,256.1
Walter Mosley,1122.8
Walter Mosley,231.3
Walter Mosley,204.8
Walter Mosley,221.9
Walter Mosley,256.7
Walter Mosley,254.2
Walter Mosley,258.2
Walter Mosley,253.0
Walter Mosley,224.9
Walter Mosley,392.8
Walter Mosley,280.4
Walter Mosley,248.8
Walter Mosley,260.2
Walter Mosley,289.1
Walter Mosley,262.6
Walter Mosley,805.8
Walter Mosley,377.1
Walter Mosley,545.9
Walter Mosley,405.4
Walter Mosley,380.5
Walter Mosley,287.0
Walter Mosley,251.6
Walter Mosley,227.1
Walter Mosley,221.5
Walter Mosley,509.6
Walter Mosley,255.7
Walter Mosley,225.7
Walter Mosley,188.6
Walter Mosley,298.3
Walter Mosley,474.6
Walter Mosley,656.0
Zora Neale Hurston,527.0
Zora Neale Hurston,576.6
Zora Neale Hurston,693.3
Zora Neale Hurston,765.8
Zora Neale Hurston,818.3
Zora Neale Hurston,735.5
Zora Neale Hurston,1142.9
Zora Neale Hurston,1742.2
Zora Neale Hurston,1086.9
Zora Neale Hurston,970.8
Zora Neale Hurston,824.2
Zora Neale Hurston,575.7
Zora Neale Hurston,523.5
Zora Neale Hurston,538.4
Zora Neale Hurston,732.0
Zora Neale Hurston,876.2
Zora Neale Hurston,843.6
Zora Neale Hurston,747.1
Zora Neale Hurston,1159.2
Zora Neale Hurston,1892.4
Zora Neale Hurston,1231.1
Zora Neale Hurston,1000.5
Zora Neale Hurston,860.4
Zora Neale Hurston,699.4
Zora Neale Hurston,568.2
Zora Neale Hurston,623.1
Zora Neale Hurston,821.3
Zora Neale Hurston,1038.8
Zora Neale Hurston,1013.5
Zora Neale Hurston,1069.4
Zora Neale Hurston,1750.6
Zora Neale Hurston,2335.7
Zora Neale Hurston,1366.1
Zora Neale Hurston,1234.0
Zora Neale Hurston,2001.7
Zora Neale Hurston,828.5
Zora Neale Hurston,826.1
Zora Neale Hurston,777.9
Zora Neale Hurston,884.9
Zora Neale Hurston,967.8
Zora Neale Hurston,915.4
Zora Neale Hurston,826.9
Zora Neale Hurston,1216.5
Zora Neale Hurston,2069.0
Zora Neale Hurston,1257.6
Zora Neale Hurston,1024.0
Zora Neale Hurston,992.5
Zora Neale Hurston,753.8
Zora Neale Hurston,692.6
Zora Neale Hurston,904.7
Zora Neale Hurston,818.6
Zora Neale Hurston,1007.8
Zora Neale Hurston,940.2
Zora Neale Hurston,862.6
Zora Neale Hurston,1449.2
Zora Neale Hurston,2206.8
Zora Neale Hurston,1139.5
Zora Neale Hurston,1028.0
Zora Neale Hurston,947.6
Zora Neale Hurston,1573.2
Zora Neale Hurston,1050.7
Zora Neale Hurston,992.6
Zora Neale Hurston,1192.8
Zora Neale Hurston,1275.4
Zora Neale Hurston,982.5
Zora Neale Hurston,917.7
Zora Neale Hurston,1342.8
Zora Neale Hurston,2192.3
Zora Neale Hurston,1429.6
Zora Neale Hurston,1098.1
Zora Neale Hurston,974.8
Zora Neale Hurston,731.2
Zora Neale Hurston,689.6
Zora Neale Hurston,631.5
Zora Neale Hurston,869.8
Zora Neale Hurston,820.7
Zora Neale Hurston,792.8
Zora Neale Hurston,721.4
Zora Neale Hurston,1261.5
Zora Neale Hurston,2081.2
Zora Neale Hurston,1641.0
