author,page-views,date
Alex Haley,936,1
Alex Haley,1693,2
Alex Haley,1911,3
Alex Haley,677,4
Alex Haley,756,5
Alex Haley,739,6
Alex Haley,693,7
Alex Haley,663,8
Alex Haley,627,9
Alex Haley,607,10
Alex Haley,590,11
Alex Haley,696,12
Alex Haley,687,13
Alex Haley,686,14
Alex Haley,704,15
Alex Haley,618,16
Alex Haley,542,17
Alex Haley,748,18
Alex Haley,1037,19
Alex Haley,750,20
Alex Haley,659,21
Alex Haley,644,22
Alex Haley,648,23
Alex Haley,710,24
Alex Haley,717,25
Alex Haley,751,26
Alex Haley,663,27
Alex Haley,658,28
Alex Haley,604,29
Alex Haley,606,30
Alex Haley,570,31
Alex Haley,572,32
Alex Haley,748,33
Alex Haley,770,34
Alex Haley,1066,35
Alex Haley,746,36
Alex Haley,680,37
Alex Haley,722,38
Alex Haley,645,39
Alex Haley,894,40
Alex Haley,800,41
Alex Haley,1900,42
Alex Haley,957,43
Alex Haley,636,44
Alex Haley,635,45
Alex Haley,655,46
Alex Haley,669,47
Alex Haley,795,48
Alex Haley,810,49
Alex Haley,790,50
Alex Haley,707,51
Alex Haley,674,52
Alex Haley,661,53
Alex Haley,628,54
Alex Haley,905,55
Alex Haley,1021,56
Alex Haley,798,57
Alex Haley,1024,58
Alex Haley,703,59
Alex Haley,656,60
Alex Haley,890,61
Alex Haley,828,62
Alex Haley,685,63
Alex Haley,700,64
Alex Haley,691,65
Alex Haley,747,66
Alex Haley,642,67
Alex Haley,692,68
Alex Haley,995,69
Alex Haley,892,70
Alex Haley,800,71
Alex Haley,697,72
Alex Haley,604,73
Alex Haley,607,74
Alex Haley,761,75
Alex Haley,912,76
Alex Haley,1744,77
Alex Haley,817,78
Alex Haley,716,79
Alex Haley,666,80
Alex Haley,680,81
Alex Haley,665,82
Alex Haley,632,83
Alex Haley,608,84
Alex Haley,582,85
Alex Haley,550,86
Alex Haley,538,87
Alex Haley,573,88
Alex Haley,578,89
Alex Haley,655,90
Alex Haley,662,91
Alex Haley,633,92
Alex Haley,631,93
Alex Haley,521,94
Alex Haley,592,95
Alex Haley,668,96
Alex Haley,774,97
Alex Haley,816,98
Alex Haley,728,99
Alex Haley,629,100
Alex Haley,548,101
Alex Haley,632,102
Alex Haley,660,103
Alex Haley,738,104
Alex Haley,833,105
Alex Haley,673,106
Alex Haley,642,107
Alex Haley,603,108
Alex Haley,631,109
Alex Haley,748,110
Alex Haley,1605,111
Alex Haley,1633,112
Alex Haley,1897,113
Alex Haley,1929,114
Alex Haley,1979,115
Alex Haley,2614,116
Alex Haley,4569,117
Alex Haley,3162,118
Alex Haley,996,119
Alex Haley,805,120
Alex Haley,755,121
Alex Haley,748,122
Alex Haley,626,123
Alex Haley,666,124
Alex Haley,745,125
Alex Haley,630,126
Alex Haley,624,127
Alex Haley,672,128
Alex Haley,594,129
Alex Haley,610,130
Alex Haley,603,131
Alex Haley,741,132
Alex Haley,655,133
Alex Haley,769,134
Alex Haley,747,135
Alex Haley,580,136
Alex Haley,802,137
Alex Haley,616,138
Alex Haley,604,139
Alex Haley,613,140
Alex Haley,692,141
Alex Haley,591,142
Alex Haley,548,143
Alex Haley,528,144
Alex Haley,607,145
Alex Haley,637,146
Alex Haley,568,147
Alex Haley,569,148
Alex Haley,594,149
Alex Haley,571,150
Alex Haley,550,151
Alex Haley,849,152
Alex Haley,691,153
Alex Haley,631,154
Alex Haley,591,155
Alex Haley,549,156
Alex Haley,606,157
Alex Haley,528,158
Alex Haley,609,159
Alex Haley,679,160
Alex Haley,636,161
Alex Haley,799,162
Alex Haley,650,163
Alex Haley,617,164
Alex Haley,661,165
Alex Haley,670,166
Alex Haley,675,167
Alex Haley,599,168
Alex Haley,592,169
Alex Haley,600,170
Alex Haley,477,171
Alex Haley,566,172
Alex Haley,626,173
Alex Haley,553,174
Alex Haley,547,175
Alex Haley,516,176
Alex Haley,449,177
Alex Haley,444,178
Alex Haley,541,179
Alex Haley,605,180
Alex Haley,1002,181
Alex Haley,741,182
Alex Haley,838,183
Alex Haley,904,184
Alex Haley,634,185
Alex Haley,718,186
Alex Haley,761,187
Alex Haley,1024,188
Alex Haley,807,189
Alex Haley,677,190
Alex Haley,741,191
Alex Haley,678,192
Alex Haley,644,193
Alex Haley,772,194
Alex Haley,764,195
Alex Haley,727,196
Alex Haley,724,197
Alex Haley,798,198
Alex Haley,804,199
Alex Haley,671,200
Alex Haley,697,201
Alex Haley,1104,202
Alex Haley,1097,203
Alex Haley,934,204
Alex Haley,922,205
Alex Haley,855,206
Alex Haley,809,207
Alex Haley,832,208
Alex Haley,908,209
Alex Haley,1010,210
Alex Haley,1093,211
Alex Haley,968,212
Alex Haley,895,213
Alex Haley,747,214
Alex Haley,931,215
Alex Haley,1228,216
Alex Haley,1294,217
Alex Haley,1444,218
Alex Haley,1456,219
Alex Haley,1128,220
Alex Haley,840,221
Alex Haley,1920,222
Alex Haley,1606,223
Alex Haley,1555,224
Alex Haley,2280,225
Alex Haley,1805,226
Alex Haley,2152,227
Alex Haley,1608,228
Alex Haley,1420,229
Alex Haley,1710,230
Alex Haley,1846,231
Alex Haley,1767,232
Alex Haley,1783,233
Alex Haley,1767,234
Alex Haley,1145,235
Alex Haley,1437,236
Alex Haley,1775,237
Alex Haley,1671,238
Alex Haley,1641,239
Alex Haley,1406,240
Alex Haley,1198,241
Alex Haley,933,242
Alex Haley,1394,243
Alex Haley,2073,244
Alex Haley,1151,245
Alex Haley,969,246
Alex Haley,957,247
Alex Haley,918,248
Alex Haley,1385,249
Alex Haley,987,250
Alex Haley,889,251
Alex Haley,835,252
Alex Haley,870,253
Alex Haley,801,254
Alex Haley,846,255
Alex Haley,649,256
Alex Haley,790,257
Alex Haley,797,258
Alex Haley,889,259
Alex Haley,686,260
Alex Haley,859,261
Alex Haley,768,262
Alex Haley,748,263
Alex Haley,754,264
Alex Haley,767,265
Alex Haley,678,266
Alex Haley,719,267
Alex Haley,708,268
Alex Haley,663,269
Alex Haley,750,270
Alex Haley,768,271
Alex Haley,1209,272
Alex Haley,1495,273
Alex Haley,1007,274
Alex Haley,927,275
Alex Haley,978,276
Alex Haley,807,277
Alex Haley,1173,278
Alex Haley,902,279
Alex Haley,1013,280
Alex Haley,943,281
Alex Haley,817,282
Alex Haley,755,283
Alex Haley,739,284
Alex Haley,916,285
Alex Haley,909,286
Alex Haley,744,287
Alex Haley,744,288
Alex Haley,725,289
Alex Haley,741,290
Alex Haley,728,291
Alex Haley,715,292
Alex Haley,931,293
Alex Haley,842,294
Alex Haley,872,295
Alex Haley,824,296
Alex Haley,995,297
Alex Haley,852,298
Alex Haley,1050,299
Alex Haley,1144,300
Alex Haley,1012,301
Alex Haley,1028,302
Alex Haley,1055,303
Alex Haley,890,304
Alex Haley,958,305
Alex Haley,1045,306
Alex Haley,1101,307
Alex Haley,1000,308
Alex Haley,934,309
Alex Haley,1050,310
Alex Haley,973,311
Alex Haley,987,312
Alex Haley,1539,313
Alex Haley,1181,314
Alex Haley,1260,315
Alex Haley,1478,316
Alex Haley,1226,317
Alex Haley,1264,318
Alex Haley,1295,319
Alex Haley,1510,320
Alex Haley,1713,321
Alex Haley,1544,322
Alex Haley,1821,323
Alex Haley,1910,324
Alex Haley,1658,325
Alex Haley,1822,326
Alex Haley,2646,327
Alex Haley,2110,328
Alex Haley,2571,329
Alex Haley,2438,330
Alex Haley,2423,331
Alex Haley,3061,332
Alex Haley,3307,333
Alex Haley,3986,334
Alex Haley,7168,335
Alex Haley,32553,336
Alex Haley,34350,337
Alex Haley,32852,338
Alex Haley,44808,339
Alex Haley,21814,340
Alex Haley,21751,341
Alex Haley,10790,342
Alex Haley,7167,343
Alex Haley,5445,344
Alex Haley,4270,345
Alex Haley,3922,346
Alex Haley,4390,347
Alex Haley,7156,348
Alex Haley,3541,349
Alex Haley,2687,350
Alex Haley,2638,351
Alex Haley,2298,352
Alex Haley,2109,353
Alex Haley,2167,354
Alex Haley,2428,355
Alex Haley,1902,356
Alex Haley,1806,357
Alex Haley,1823,358
Alex Haley,1797,359
Alex Haley,1460,360
Alex Haley,1638,361
Alex Haley,1759,362
Alex Haley,1411,363
Alex Haley,1262,364
Alex Haley,1347,365
Alex Haley,1269,366
Alex Haley,1163,367
Alex Haley,1313,368
Alex Haley,2091,369
Alex Haley,1661,370
Alex Haley,1399,371
Alex Haley,1527,372
Alex Haley,1402,373
Alex Haley,1362,374
Alex Haley,1554,375
Alex Haley,1781,376
Alex Haley,1301,377
Alex Haley,1124,378
Alex Haley,1219,379
Alex Haley,1072,380
Alex Haley,934,381
Alex Haley,1084,382
Alex Haley,1448,383
Alex Haley,1206,384
Alex Haley,1066,385
Alex Haley,1102,386
Alex Haley,901,387
Alex Haley,834,388
Alex Haley,870,389
Alex Haley,1541,390
Alex Haley,1124,391
Alex Haley,946,392
Alex Haley,2106,393
Alex Haley,2004,394
Alex Haley,1207,395
Alex Haley,1165,396
Alex Haley,1253,397
Alex Haley,1003,398
Alex Haley,892,399
Alex Haley,1291,400
Alex Haley,1999,401
Alex Haley,1256,402
Alex Haley,1201,403
Alex Haley,1117,404
Alex Haley,940,405
Alex Haley,838,406
Alex Haley,845,407
Alex Haley,1858,408
Alex Haley,878,409
Alex Haley,789,410
Alex Haley,865,411
Alex Haley,770,412
Alex Haley,801,413
Alex Haley,750,414
Alex Haley,690,415
Alex Haley,668,416
Alex Haley,765,417
Alex Haley,1037,418
Alex Haley,925,419
Alex Haley,1009,420
Alex Haley,910,421
Alex Haley,948,422
Alex Haley,819,423
Alex Haley,965,424
Alex Haley,1180,425
Alex Haley,928,426
Alex Haley,992,427
Alex Haley,1594,428
Alex Haley,1025,429
Alex Haley,968,430
Alex Haley,1024,431
Alex Haley,1356,432
Alex Haley,1800,433
Alex Haley,967,434
Alex Haley,830,435
Alex Haley,772,436
Alex Haley,786,437
Alex Haley,790,438
Alex Haley,1135,439
Alex Haley,819,440
Alex Haley,770,441
Alex Haley,698,442
Alex Haley,845,443
Alex Haley,1059,444
Alex Haley,1214,445
Alex Haley,1457,446
Alex Haley,1303,447
Alex Haley,960,448
Alex Haley,856,449
Alex Haley,919,450
Alex Haley,798,451
Alex Haley,829,452
Alex Haley,1197,453
Alex Haley,1243,454
Alex Haley,797,455
Alex Haley,815,456
Alex Haley,766,457
Alex Haley,727,458
Alex Haley,742,459
Alex Haley,806,460
Alex Haley,744,461
Alex Haley,753,462
Alex Haley,683,463
Alex Haley,668,464
Alex Haley,967,465
Alex Haley,856,466
Alex Haley,1007,467
Alex Haley,753,468
Alex Haley,738,469
Alex Haley,702,470
Alex Haley,632,471
Alex Haley,624,472
Alex Haley,627,473
Alex Haley,902,474
Alex Haley,710,475
Alex Haley,825,476
Alex Haley,935,477
Alex Haley,698,478
Alex Haley,807,479
Alex Haley,640,480
Alex Haley,698,481
Alex Haley,729,482
Alex Haley,710,483
Alex Haley,694,484
Alex Haley,648,485
Alex Haley,615,486
Alex Haley,578,487
Alex Haley,647,488
Alex Haley,669,489
Alex Haley,610,490
Alex Haley,696,491
Alex Haley,674,492
Alex Haley,577,493
Alex Haley,611,494
Alex Haley,681,495
Alex Haley,688,496
Alex Haley,632,497
Alex Haley,565,498
Alex Haley,701,499
Alex Haley,688,500
Alex Haley,765,501
Alex Haley,835,502
Alex Haley,789,503
Alex Haley,812,504
Alex Haley,815,505
Alex Haley,1073,506
Alex Haley,1150,507
Alex Haley,975,508
Alex Haley,1327,509
Alex Haley,1901,510
Alex Haley,907,511
Alex Haley,944,512
Alex Haley,810,513
Alex Haley,1365,514
Alex Haley,2629,515
Alex Haley,1084,516
Alex Haley,1046,517
Alex Haley,933,518
Alex Haley,877,519
Alex Haley,804,520
Alex Haley,840,521
Alex Haley,838,522
Alex Haley,829,523
Alex Haley,804,524
Alex Haley,717,525
Alex Haley,864,526
Alex Haley,740,527
Alex Haley,671,528
Alex Haley,658,529
Alex Haley,693,530
Alex Haley,890,531
Alex Haley,871,532
Alex Haley,1119,533
Alex Haley,664,534
Alex Haley,638,535
Alex Haley,625,536
Alex Haley,727,537
Alex Haley,694,538
Alex Haley,630,539
Alex Haley,640,540
Alex Haley,596,541
Alex Haley,619,542
Alex Haley,717,543
Alex Haley,548,544
Alex Haley,634,545
Alex Haley,818,546
Alex Haley,779,547
Alex Haley,750,548
Alex Haley,820,549
Alex Haley,707,550
Alex Haley,809,551
Alex Haley,818,552
Alex Haley,811,553
Alex Haley,1090,554
Alex Haley,1044,555
Alex Haley,1056,556
Alex Haley,1013,557
Alex Haley,925,558
Alex Haley,807,559
Alex Haley,762,560
Alex Haley,902,561
Alex Haley,1121,562
Alex Haley,1110,563
Alex Haley,1001,564
Alex Haley,835,565
Alex Haley,945,566
Alex Haley,993,567
Alex Haley,1021,568
Alex Haley,1189,569
Alex Haley,990,570
Alex Haley,817,571
Alex Haley,861,572
Alex Haley,1085,573
Alex Haley,1000,574
Alex Haley,963,575
Alex Haley,941,576
Alex Haley,913,577
Alex Haley,773,578
Alex Haley,962,579
Alex Haley,1077,580
Alex Haley,977,581
Alex Haley,1075,582
Alex Haley,1338,583
Alex Haley,1309,584
Alex Haley,1070,585
Alex Haley,1531,586
Alex Haley,3392,587
Alex Haley,1644,588
Alex Haley,4483,589
Alex Haley,4311,590
Alex Haley,5484,591
Alex Haley,2554,592
Alex Haley,2880,593
Alex Haley,3580,594
Alex Haley,3493,595
Alex Haley,3689,596
Alex Haley,3560,597
Alex Haley,2693,598
Alex Haley,2604,599
Alex Haley,5115,600
Alex Haley,2070,601
Alex Haley,2372,602
Alex Haley,3171,603
Alex Haley,4100,604
Alex Haley,2530,605
Alex Haley,2993,606
Alex Haley,5448,607
Alex Haley,5017,608
Alex Haley,4995,609
Alex Haley,10400,610
Alex Haley,5102,611
Alex Haley,3417,612
Alex Haley,2818,613
Alex Haley,2826,614
Alex Haley,2247,615
Alex Haley,1835,616
Alex Haley,1690,617
Alex Haley,1510,618
Alex Haley,1430,619
Alex Haley,1310,620
Alex Haley,1425,621
Alex Haley,1206,622
Alex Haley,1130,623
Alex Haley,967,624
Alex Haley,995,625
Alex Haley,873,626
Alex Haley,914,627
Alex Haley,954,628
Alex Haley,900,629
Alex Haley,853,630
Alex Haley,903,631
Alex Haley,896,632
Alex Haley,786,633
Alex Haley,748,634
Alex Haley,895,635
Alex Haley,927,636
Alex Haley,871,637
Alex Haley,776,638
Alex Haley,729,639
Alex Haley,797,640
Alex Haley,744,641
Alex Haley,803,642
Alex Haley,727,643
Alex Haley,740,644
Alex Haley,715,645
Alex Haley,815,646
Alex Haley,776,647
Alex Haley,983,648
Alex Haley,695,649
Alex Haley,710,650
Alex Haley,763,651
Alex Haley,741,652
Alex Haley,683,653
Alex Haley,756,654
Alex Haley,677,655
Alex Haley,784,656
Alex Haley,913,657
Alex Haley,874,658
Alex Haley,957,659
Alex Haley,808,660
Alex Haley,744,661
Alex Haley,669,662
Alex Haley,766,663
Alex Haley,693,664
Alex Haley,738,665
Alex Haley,623,666
Alex Haley,642,667
Alex Haley,562,668
Alex Haley,530,669
Alex Haley,629,670
Alex Haley,806,671
Alex Haley,658,672
Alex Haley,737,673
Alex Haley,685,674
Alex Haley,679,675
Alex Haley,638,676
Alex Haley,651,677
Alex Haley,816,678
Alex Haley,753,679
Alex Haley,669,680
Alex Haley,768,681
Alex Haley,677,682
Alex Haley,615,683
Alex Haley,609,684
Alex Haley,819,685
Alex Haley,827,686
Alex Haley,1022,687
Alex Haley,816,688
Alex Haley,739,689
Alex Haley,626,690
Alex Haley,891,691
Alex Haley,706,692
Alex Haley,902,693
Alex Haley,784,694
Alex Haley,694,695
Alex Haley,539,696
Alex Haley,512,697
Alex Haley,610,698
Alex Haley,749,699
Alex Haley,621,700
Alex Haley,544,701
Alex Haley,532,702
Alex Haley,513,703
Alex Haley,745,704
Alex Haley,642,705
Alex Haley,646,706
Alex Haley,608,707
Alex Haley,617,708
Alex Haley,509,709
Alex Haley,507,710
Alex Haley,525,711
Alex Haley,605,712
Alex Haley,568,713
Alex Haley,519,714
Alex Haley,506,715
Alex Haley,483,716
Alex Haley,509,717
Alex Haley,533,718
Alex Haley,490,719
Alex Haley,510,720
Alex Haley,514,721
Alex Haley,513,722
Alex Haley,460,723
Alex Haley,473,724
Alex Haley,541,725
Alex Haley,529,726
Alex Haley,534,727
Alex Haley,501,728
Alex Haley,485,729
Alex Haley,478,730
Alex Haley,432,731
Alex Haley,478,732
Alex Haley,552,733
Alex Haley,583,734
Alex Haley,791,735
Alex Haley,614,736
Alex Haley,600,737
Alex Haley,521,738
Alex Haley,561,739
Alex Haley,676,740
Alex Haley,769,741
Alex Haley,607,742
Alex Haley,575,743
Alex Haley,550,744
Alex Haley,542,745
Alex Haley,529,746
Alex Haley,555,747
Alex Haley,515,748
Alex Haley,496,749
Alex Haley,568,750
Alex Haley,602,751
Alex Haley,938,752
Alex Haley,578,753
Alex Haley,591,754
Alex Haley,583,755
Alex Haley,501,756
Alex Haley,566,757
Alex Haley,545,758
Alex Haley,478,759
Alex Haley,460,760
Alex Haley,542,761
Alex Haley,581,762
Alex Haley,505,763
Alex Haley,603,764
Alex Haley,530,765
Alex Haley,606,766
Alex Haley,509,767
Alex Haley,523,768
Alex Haley,510,769
Alex Haley,515,770
Alex Haley,781,771
Alex Haley,683,772
Alex Haley,1502,773
Alex Haley,706,774
Alex Haley,628,775
Alex Haley,602,776
Alex Haley,644,777
Alex Haley,797,778
Alex Haley,696,779
Alex Haley,667,780
Alex Haley,593,781
Alex Haley,748,782
Alex Haley,667,783
Alex Haley,650,784
Alex Haley,724,785
Alex Haley,631,786
Alex Haley,605,787
Alex Haley,601,788
Alex Haley,670,789
Alex Haley,686,790
Alex Haley,644,791
Alex Haley,648,792
Alex Haley,646,793
Alex Haley,606,794
Alex Haley,484,795
Alex Haley,603,796
Alex Haley,554,797
Alex Haley,578,798
Alex Haley,552,799
Alex Haley,529,800
Alex Haley,515,801
Alex Haley,568,802
Alex Haley,589,803
Alex Haley,605,804
Alex Haley,541,805
Alex Haley,540,806
Alex Haley,581,807
Alex Haley,546,808
Alex Haley,516,809
Alex Haley,550,810
Alex Haley,798,811
Alex Haley,590,812
Alex Haley,552,813
Alex Haley,539,814
Alex Haley,555,815
Alex Haley,547,816
Alex Haley,551,817
Alex Haley,565,818
Alex Haley,572,819
Alex Haley,568,820
Alex Haley,5763,821
Alex Haley,4320,822
Alex Haley,1876,823
Alex Haley,1611,824
Alex Haley,1301,825
Alex Haley,940,826
Alex Haley,875,827
Alex Haley,750,828
Alex Haley,647,829
Alex Haley,603,830
Alex Haley,585,831
Alex Haley,660,832
Alex Haley,624,833
Alex Haley,703,834
Alex Haley,591,835
Alex Haley,538,836
Alex Haley,527,837
Alex Haley,688,838
Alex Haley,657,839
Alex Haley,606,840
Alex Haley,540,841
Alex Haley,584,842
Alex Haley,580,843
Alex Haley,542,844
Alex Haley,579,845
Alex Haley,637,846
Alex Haley,615,847
Alex Haley,632,848
Alex Haley,625,849
Alex Haley,501,850
Alex Haley,471,851
Alex Haley,601,852
Alex Haley,562,853
Alex Haley,546,854
Alex Haley,504,855
Alex Haley,594,856
Alex Haley,605,857
Alex Haley,531,858
Alex Haley,621,859
Alex Haley,776,860
Alex Haley,656,861
Alex Haley,606,862
Alex Haley,729,863
Alex Haley,550,864
Alex Haley,545,865
Alex Haley,591,866
Alex Haley,832,867
Alex Haley,658,868
Alex Haley,786,869
Alex Haley,807,870
Alex Haley,851,871
Alex Haley,523,872
Alex Haley,624,873
Alex Haley,685,874
Alex Haley,709,875
Alex Haley,602,876
Alex Haley,531,877
Alex Haley,511,878
Alex Haley,552,879
Alex Haley,604,880
Alex Haley,744,881
Alex Haley,640,882
Alex Haley,842,883
Alex Haley,614,884
Alex Haley,490,885
Alex Haley,488,886
Alex Haley,472,887
Alex Haley,616,888
Alex Haley,518,889
Alex Haley,722,890
Alex Haley,672,891
Alex Haley,818,892
Alex Haley,539,893
Alex Haley,620,894
Alex Haley,579,895
Alex Haley,578,896
Alex Haley,498,897
Alex Haley,557,898
Alex Haley,485,899
Alex Haley,456,900
Alex Haley,495,901
Alex Haley,595,902
Alex Haley,566,903
Alex Haley,506,904
Alex Haley,521,905
Alex Haley,499,906
Alex Haley,460,907
Alex Haley,509,908
Alex Haley,537,909
Alex Haley,533,910
Alex Haley,617,911
Alex Haley,584,912
Alex Haley,526,913
Alex Haley,583,914
Alex Haley,577,915
Alex Haley,689,916
Alex Haley,719,917
Alex Haley,613,918
Alex Haley,565,919
Alex Haley,581,920
Alex Haley,598,921
Alex Haley,571,922
Alex Haley,608,923
Alex Haley,637,924
Alex Haley,681,925
Alex Haley,629,926
Alex Haley,636,927
Alex Haley,571,928
Alex Haley,644,929
Alex Haley,829,930
Alex Haley,816,931
Alex Haley,731,932
Alex Haley,682,933
Alex Haley,576,934
Alex Haley,568,935
Alex Haley,691,936
Alex Haley,693,937
Alex Haley,746,938
Alex Haley,836,939
Alex Haley,851,940
Alex Haley,781,941
Alex Haley,602,942
Alex Haley,681,943
Alex Haley,852,944
Alex Haley,768,945
Alex Haley,825,946
Alex Haley,1050,947
Alex Haley,891,948
Alex Haley,635,949
Alex Haley,797,950
Alex Haley,859,951
Alex Haley,1080,952
Alex Haley,1160,953
Alex Haley,1291,954
Alex Haley,1131,955
Alex Haley,2068,956
Alex Haley,6390,957
Alex Haley,12072,958
Alex Haley,2603,959
Alex Haley,1778,960
Alex Haley,1510,961
Alex Haley,1369,962
Alex Haley,1109,963
Alex Haley,2931,964
Alex Haley,4542,965
Alex Haley,3321,966
Alex Haley,1984,967
Alex Haley,1527,968
Alex Haley,1325,969
Alex Haley,1083,970
Alex Haley,1276,971
Alex Haley,1271,972
Alex Haley,1286,973
Alex Haley,1076,974
Alex Haley,975,975
Alex Haley,858,976
Alex Haley,661,977
Alex Haley,784,978
Alex Haley,774,979
Alex Haley,788,980
Alex Haley,818,981
Alex Haley,823,982
Alex Haley,738,983
Alex Haley,635,984
Alex Haley,710,985
Alex Haley,766,986
Alex Haley,796,987
Alex Haley,719,988
Alex Haley,785,989
Alex Haley,783,990
Alex Haley,755,991
Alex Haley,712,992
Alex Haley,794,993
Alex Haley,725,994
Alex Haley,723,995
Alex Haley,702,996
Alex Haley,855,997
Alex Haley,643,998
Alex Haley,732,999
Alex Haley,939,1000
Alex Haley,1119,1001
Alex Haley,726,1002
Alex Haley,557,1003
Alex Haley,565,1004
Alex Haley,581,1005
Alex Haley,2644,1006
Alex Haley,983,1007
Alex Haley,650,1008
Alex Haley,682,1009
Alex Haley,628,1010
Alex Haley,584,1011
Alex Haley,607,1012
Alex Haley,659,1013
Alex Haley,701,1014
Alex Haley,638,1015
Alex Haley,663,1016
Alex Haley,625,1017
Alex Haley,650,1018
Alex Haley,517,1019
Alex Haley,774,1020
Alex Haley,953,1021
Alex Haley,786,1022
Alex Haley,719,1023
Alex Haley,706,1024
Alex Haley,561,1025
Alex Haley,524,1026
Alex Haley,615,1027
Alex Haley,638,1028
Alex Haley,750,1029
Alex Haley,751,1030
Alex Haley,948,1031
Alex Haley,693,1032
Alex Haley,559,1033
Alex Haley,601,1034
Alex Haley,562,1035
Alex Haley,541,1036
Alex Haley,720,1037
Alex Haley,627,1038
Alex Haley,601,1039
Alex Haley,533,1040
Alex Haley,539,1041
Alex Haley,660,1042
Alex Haley,590,1043
Alex Haley,594,1044
Alex Haley,535,1045
Alex Haley,542,1046
Alex Haley,535,1047
Alex Haley,576,1048
Alex Haley,558,1049
Alex Haley,553,1050
Alex Haley,594,1051
Alex Haley,655,1052
Alex Haley,550,1053
Alex Haley,503,1054
Alex Haley,631,1055
Alex Haley,641,1056
Alex Haley,535,1057
Alex Haley,580,1058
Alex Haley,532,1059
Alex Haley,565,1060
Alex Haley,514,1061
Alex Haley,604,1062
Alex Haley,611,1063
Alex Haley,574,1064
Alex Haley,647,1065
Alex Haley,529,1066
Alex Haley,497,1067
Alex Haley,533,1068
Alex Haley,587,1069
Alex Haley,595,1070
Alex Haley,564,1071
Alex Haley,551,1072
Alex Haley,583,1073
Alex Haley,546,1074
Alex Haley,492,1075
Alex Haley,595,1076
Alex Haley,555,1077
Alex Haley,576,1078
Alex Haley,563,1079
Alex Haley,508,1080
Alex Haley,522,1081
Alex Haley,492,1082
Alex Haley,499,1083
Alex Haley,467,1084
Alex Haley,523,1085
Alex Haley,485,1086
Alex Haley,459,1087
Alex Haley,546,1088
Alex Haley,485,1089
Alex Haley,455,1090
Alex Haley,479,1091
Alex Haley,488,1092
Alex Haley,499,1093
Alex Haley,436,1094
Alex Haley,476,1095
Alex Haley,424,1096
Alex Haley,468,1097
Alex Haley,476,1098
Alex Haley,496,1099
Alex Haley,495,1100
Alex Haley,572,1101
Alex Haley,740,1102
Alex Haley,457,1103
Alex Haley,547,1104
Alex Haley,553,1105
Alex Haley,540,1106
Alex Haley,491,1107
Alex Haley,500,1108
Alex Haley,534,1109
Alex Haley,485,1110
Alex Haley,508,1111
Alex Haley,715,1112
Alex Haley,826,1113
Alex Haley,579,1114
Alex Haley,510,1115
Alex Haley,511,1116
Alex Haley,472,1117
Alex Haley,638,1118
Alex Haley,518,1119
Alex Haley,531,1120
Alex Haley,569,1121
Alex Haley,627,1122
Alex Haley,913,1123
Alex Haley,521,1124
Alex Haley,575,1125
Alex Haley,567,1126
Alex Haley,541,1127
Alex Haley,547,1128
Alex Haley,588,1129
Alex Haley,539,1130
Alex Haley,508,1131
Alex Haley,569,1132
Alex Haley,518,1133
Alex Haley,557,1134
Alex Haley,490,1135
Alex Haley,521,1136
Alex Haley,544,1137
Alex Haley,1178,1138
Alex Haley,738,1139
Alex Haley,571,1140
Alex Haley,552,1141
Alex Haley,532,1142
Alex Haley,609,1143
Alex Haley,511,1144
Alex Haley,543,1145
Alex Haley,496,1146
Alex Haley,532,1147
Alex Haley,520,1148
Alex Haley,561,1149
Alex Haley,531,1150
Alex Haley,483,1151
Alex Haley,499,1152
Alex Haley,471,1153
Alex Haley,463,1154
Alex Haley,521,1155
Alex Haley,547,1156
Alex Haley,528,1157
Alex Haley,455,1158
Alex Haley,452,1159
Alex Haley,519,1160
Alex Haley,595,1161
Alex Haley,676,1162
Alex Haley,566,1163
Alex Haley,534,1164
Alex Haley,518,1165
Alex Haley,456,1166
Alex Haley,612,1167
Alex Haley,644,1168
Alex Haley,577,1169
Alex Haley,505,1170
Alex Haley,471,1171
Alex Haley,456,1172
Alex Haley,410,1173
Alex Haley,495,1174
Alex Haley,471,1175
Alex Haley,466,1176
Alex Haley,493,1177
Alex Haley,461,1178
Alex Haley,442,1179
Alex Haley,430,1180
Alex Haley,498,1181
Alex Haley,509,1182
Alex Haley,509,1183
Alex Haley,557,1184
Alex Haley,503,1185
Alex Haley,488,1186
Alex Haley,515,1187
Alex Haley,506,1188
Alex Haley,562,1189
Alex Haley,523,1190
Alex Haley,477,1191
Alex Haley,455,1192
Alex Haley,457,1193
Alex Haley,427,1194
Alex Haley,497,1195
Alex Haley,573,1196
Alex Haley,491,1197
Alex Haley,505,1198
Alex Haley,488,1199
Alex Haley,451,1200
Alex Haley,521,1201
Alex Haley,540,1202
Alex Haley,531,1203
Alex Haley,547,1204
Alex Haley,539,1205
Alex Haley,515,1206
Alex Haley,497,1207
Alex Haley,474,1208
Alex Haley,517,1209
Alex Haley,474,1210
Alex Haley,495,1211
Alex Haley,487,1212
Alex Haley,510,1213
Alex Haley,452,1214
Alex Haley,407,1215
Alex Haley,408,1216
Alex Haley,511,1217
Alex Haley,449,1218
Alex Haley,487,1219
Alex Haley,462,1220
Alex Haley,491,1221
Alex Haley,443,1222
Alex Haley,499,1223
Alex Haley,543,1224
Alex Haley,462,1225
Alex Haley,369,1226
Alex Haley,444,1227
Alex Haley,454,1228
Alex Haley,406,1229
Alex Haley,489,1230
Alex Haley,542,1231
Alex Haley,472,1232
Alex Haley,542,1233
Alex Haley,475,1234
Alex Haley,456,1235
Alex Haley,488,1236
Alex Haley,484,1237
Alex Haley,499,1238
Alex Haley,498,1239
Alex Haley,461,1240
Alex Haley,490,1241
Alex Haley,512,1242
Alex Haley,808,1243
Alex Haley,601,1244
Alex Haley,629,1245
Alex Haley,785,1246
Alex Haley,816,1247
Alex Haley,846,1248
Alex Haley,756,1249
Alex Haley,720,1250
Alex Haley,616,1251
Alex Haley,609,1252
Alex Haley,496,1253
Alex Haley,658,1254
Alex Haley,696,1255
Alex Haley,715,1256
Alex Haley,812,1257
Alex Haley,639,1258
Alex Haley,639,1259
Alex Haley,521,1260
Alex Haley,522,1261
Alex Haley,526,1262
Alex Haley,665,1263
Alex Haley,1000,1264
Alex Haley,702,1265
Alex Haley,656,1266
Alex Haley,655,1267
Alex Haley,675,1268
Alex Haley,626,1269
Alex Haley,576,1270
Alex Haley,527,1271
Alex Haley,558,1272
Alex Haley,639,1273
Alex Haley,492,1274
Alex Haley,500,1275
Alex Haley,554,1276
Alex Haley,591,1277
Alex Haley,886,1278
Alex Haley,580,1279
Alex Haley,491,1280
Alex Haley,521,1281
Alex Haley,543,1282
Alex Haley,545,1283
Alex Haley,490,1284
Alex Haley,554,1285
Alex Haley,610,1286
Alex Haley,601,1287
Alex Haley,573,1288
Alex Haley,589,1289
Alex Haley,587,1290
Alex Haley,573,1291
Alex Haley,539,1292
Alex Haley,522,1293
Alex Haley,588,1294
Alex Haley,603,1295
Alex Haley,614,1296
Alex Haley,587,1297
Alex Haley,558,1298
Alex Haley,717,1299
Alex Haley,863,1300
Alex Haley,702,1301
Alex Haley,756,1302
Alex Haley,681,1303
Alex Haley,695,1304
Alex Haley,624,1305
Alex Haley,560,1306
Alex Haley,602,1307
Alex Haley,625,1308
Alex Haley,651,1309
Alex Haley,651,1310
Alex Haley,685,1311
Alex Haley,801,1312
Alex Haley,628,1313
Alex Haley,743,1314
Alex Haley,1608,1315
Alex Haley,1486,1316
Alex Haley,1811,1317
Alex Haley,1358,1318
Alex Haley,1171,1319
Alex Haley,954,1320
Alex Haley,2544,1321
Alex Haley,4987,1322
Alex Haley,9918,1323
Alex Haley,2565,1324
Alex Haley,1606,1325
Alex Haley,1343,1326
Alex Haley,1151,1327
Alex Haley,1534,1328
Alex Haley,1346,1329
Alex Haley,1339,1330
Alex Haley,1227,1331
Alex Haley,1202,1332
Alex Haley,1192,1333
Alex Haley,962,1334
Alex Haley,1167,1335
Alex Haley,1691,1336
Alex Haley,3065,1337
Alex Haley,2231,1338
Alex Haley,1213,1339
Alex Haley,1138,1340
Alex Haley,892,1341
Alex Haley,856,1342
Alex Haley,854,1343
Alex Haley,816,1344
Alex Haley,745,1345
Alex Haley,772,1346
Alex Haley,693,1347
Alex Haley,659,1348
Alex Haley,780,1349
Alex Haley,683,1350
Alex Haley,771,1351
Alex Haley,730,1352
Alex Haley,631,1353
Alex Haley,499,1354
Alex Haley,576,1355
Alex Haley,531,1356
Alex Haley,573,1357
Alex Haley,586,1358
Alex Haley,586,1359
Alex Haley,497,1360
Alex Haley,550,1361
Alex Haley,511,1362
Alex Haley,555,1363
Alex Haley,580,1364
Alex Haley,1079,1365
Alex Haley,754,1366
Alex Haley,571,1367
Alex Haley,514,1368
Alex Haley,495,1369
Alex Haley,598,1370
Alex Haley,560,1371
Alex Haley,458,1372
Alex Haley,2295,1373
Alex Haley,2610,1374
Alex Haley,1749,1375
Alex Haley,775,1376
Alex Haley,987,1377
Alex Haley,821,1378
Alex Haley,640,1379
Alex Haley,555,1380
Alex Haley,511,1381
Alex Haley,519,1382
Alex Haley,562,1383
Alex Haley,478,1384
Alex Haley,511,1385
Alex Haley,587,1386
Alex Haley,452,1387
Alex Haley,651,1388
Alex Haley,534,1389
Alex Haley,2121,1390
Alex Haley,747,1391
Alex Haley,627,1392
Alex Haley,679,1393
Alex Haley,700,1394
Alex Haley,899,1395
Alex Haley,632,1396
Alex Haley,503,1397
Alex Haley,542,1398
Alex Haley,627,1399
Alex Haley,621,1400
Alex Haley,531,1401
Alex Haley,530,1402
Alex Haley,491,1403
Alex Haley,458,1404
Alex Haley,551,1405
Alex Haley,528,1406
Alex Haley,468,1407
Alex Haley,510,1408
Alex Haley,543,1409
Alex Haley,590,1410
Alex Haley,431,1411
Alex Haley,554,1412
Alex Haley,515,1413
Alex Haley,519,1414
Alex Haley,527,1415
Alex Haley,1456,1416
Alex Haley,1230,1417
Alex Haley,507,1418
Alex Haley,596,1419
Alex Haley,566,1420
Alex Haley,551,1421
Alex Haley,554,1422
Alex Haley,536,1423
Alex Haley,491,1424
Alex Haley,491,1425
Alex Haley,444,1426
Alex Haley,524,1427
Alex Haley,503,1428
Alex Haley,555,1429
Alex Haley,498,1430
Alex Haley,474,1431
Alex Haley,449,1432
Alex Haley,528,1433
Alex Haley,517,1434
Alex Haley,576,1435
Alex Haley,468,1436
Alex Haley,516,1437
Alex Haley,471,1438
Alex Haley,430,1439
Alex Haley,507,1440
Alex Haley,551,1441
Alex Haley,500,1442
Alex Haley,499,1443
Alex Haley,447,1444
Alex Haley,446,1445
Alex Haley,511,1446
Alex Haley,469,1447
Alex Haley,496,1448
Alex Haley,585,1449
Alex Haley,625,1450
Alex Haley,596,1451
Alex Haley,526,1452
Alex Haley,513,1453
Alex Haley,568,1454
Alex Haley,504,1455
Alex Haley,526,1456
Alex Haley,494,1457
Alex Haley,410,1458
Alex Haley,477,1459
Alex Haley,509,1460
Alex Haley,586,1461
Alex Haley,577,1462
Alex Haley,513,1463
Alex Haley,488,1464
Alex Haley,585,1465
Alex Haley,674,1466
Alex Haley,569,1467
Alex Haley,542,1468
Alex Haley,493,1469
Alex Haley,467,1470
Alex Haley,468,1471
Alex Haley,461,1472
Alex Haley,442,1473
Alex Haley,482,1474
Alex Haley,525,1475
Alex Haley,515,1476
Alex Haley,513,1477
Alex Haley,540,1478
Alex Haley,490,1479
Alex Haley,481,1480
Alex Haley,484,1481
Alex Haley,538,1482
Alex Haley,479,1483
Alex Haley,509,1484
Alex Haley,560,1485
Alex Haley,530,1486
Alex Haley,435,1487
Alex Haley,536,1488
Alex Haley,643,1489
Alex Haley,583,1490
Alex Haley,515,1491
Alex Haley,466,1492
Alex Haley,487,1493
Alex Haley,564,1494
Alex Haley,531,1495
Alex Haley,532,1496
Alex Haley,594,1497
Alex Haley,648,1498
Alex Haley,850,1499
Alex Haley,692,1500
Alex Haley,638,1501
Alex Haley,624,1502
Alex Haley,1415,1503
Alex Haley,855,1504
Alex Haley,764,1505
Alex Haley,627,1506
Alex Haley,573,1507
Alex Haley,900,1508
Alex Haley,531,1509
Alex Haley,568,1510
Alex Haley,623,1511
Alex Haley,555,1512
Alex Haley,578,1513
Alex Haley,1157,1514
Alex Haley,959,1515
Alex Haley,526,1516
Alex Haley,609,1517
Alex Haley,597,1518
Alex Haley,605,1519
Alex Haley,617,1520
Alex Haley,613,1521
Alex Haley,543,1522
Alex Haley,620,1523
Alex Haley,486,1524
Alex Haley,495,1525
Alex Haley,507,1526
Alex Haley,502,1527
Alex Haley,478,1528
Alex Haley,457,1529
Alex Haley,419,1530
Alex Haley,463,1531
Alex Haley,518,1532
Alex Haley,546,1533
Alex Haley,475,1534
Alex Haley,488,1535
Alex Haley,396,1536
Alex Haley,443,1537
Alex Haley,432,1538
Alex Haley,498,1539
Alex Haley,492,1540
Alex Haley,455,1541
Alex Haley,443,1542
Alex Haley,388,1543
Alex Haley,449,1544
Alex Haley,491,1545
Alex Haley,515,1546
Alex Haley,446,1547
Alex Haley,402,1548
Alex Haley,424,1549
Alex Haley,425,1550
Alex Haley,444,1551
Alex Haley,506,1552
Alex Haley,886,1553
Alex Haley,623,1554
Alex Haley,548,1555
Alex Haley,484,1556
Alex Haley,442,1557
Alex Haley,471,1558
Alex Haley,500,1559
Alex Haley,483,1560
Alex Haley,451,1561
Alex Haley,455,1562
Alex Haley,484,1563
Alex Haley,406,1564
Alex Haley,408,1565
Alex Haley,430,1566
Alex Haley,488,1567
Alex Haley,437,1568
Alex Haley,462,1569
Alex Haley,491,1570
Alex Haley,473,1571
Alex Haley,454,1572
Alex Haley,500,1573
Alex Haley,495,1574
Alex Haley,475,1575
Alex Haley,510,1576
Alex Haley,467,1577
Alex Haley,479,1578
Alex Haley,390,1579
Alex Haley,468,1580
Alex Haley,463,1581
Alex Haley,531,1582
Alex Haley,503,1583
Alex Haley,486,1584
Alex Haley,628,1585
Alex Haley,495,1586
Alex Haley,627,1587
Alex Haley,608,1588
Alex Haley,545,1589
Alex Haley,611,1590
Alex Haley,529,1591
Alex Haley,493,1592
Alex Haley,479,1593
Alex Haley,529,1594
Alex Haley,567,1595
Alex Haley,666,1596
Alex Haley,542,1597
Alex Haley,486,1598
Alex Haley,507,1599
Alex Haley,656,1600
Alex Haley,1467,1601
Alex Haley,2328,1602
Alex Haley,1489,1603
Alex Haley,1156,1604
Alex Haley,751,1605
Alex Haley,800,1606
Alex Haley,597,1607
Alex Haley,603,1608
Alex Haley,631,1609
Alex Haley,602,1610
Alex Haley,536,1611
Alex Haley,446,1612
Alex Haley,521,1613
Alex Haley,499,1614
Alex Haley,551,1615
Alex Haley,596,1616
Alex Haley,506,1617
Alex Haley,595,1618
Alex Haley,598,1619
Alex Haley,542,1620
Alex Haley,541,1621
Alex Haley,584,1622
Alex Haley,575,1623
Alex Haley,548,1624
Alex Haley,517,1625
Alex Haley,548,1626
Alex Haley,520,1627
Alex Haley,510,1628
Alex Haley,579,1629
Alex Haley,521,1630
Alex Haley,539,1631
Alex Haley,522,1632
Alex Haley,482,1633
Alex Haley,492,1634
Alex Haley,505,1635
Alex Haley,575,1636
Alex Haley,540,1637
Alex Haley,546,1638
Alex Haley,463,1639
Alex Haley,543,1640
Alex Haley,552,1641
Alex Haley,565,1642
Alex Haley,564,1643
Alex Haley,521,1644
Alex Haley,493,1645
Alex Haley,531,1646
Alex Haley,582,1647
Alex Haley,552,1648
Alex Haley,500,1649
Alex Haley,577,1650
Alex Haley,467,1651
Alex Haley,539,1652
Alex Haley,522,1653
Alex Haley,559,1654
Alex Haley,514,1655
Alex Haley,538,1656
Alex Haley,569,1657
Alex Haley,556,1658
Alex Haley,660,1659
Alex Haley,567,1660
Alex Haley,568,1661
Alex Haley,563,1662
Alex Haley,578,1663
Alex Haley,567,1664
Alex Haley,808,1665
Alex Haley,722,1666
Alex Haley,634,1667
Alex Haley,722,1668
Alex Haley,661,1669
Alex Haley,550,1670
Alex Haley,565,1671
Alex Haley,583,1672
Alex Haley,621,1673
Alex Haley,591,1674
Alex Haley,679,1675
Alex Haley,619,1676
Alex Haley,602,1677
Alex Haley,1633,1678
Alex Haley,2082,1679
Alex Haley,1224,1680
Alex Haley,986,1681
Alex Haley,1059,1682
Alex Haley,1019,1683
Alex Haley,1023,1684
Alex Haley,2715,1685
Alex Haley,7573,1686
Alex Haley,2237,1687
Alex Haley,1667,1688
Alex Haley,1422,1689
Alex Haley,1244,1690
Alex Haley,1087,1691
Alex Haley,2159,1692
Alex Haley,3344,1693
Alex Haley,2535,1694
Alex Haley,1889,1695
Alex Haley,1451,1696
Alex Haley,1500,1697
Alex Haley,1191,1698
Alex Haley,1440,1699
Alex Haley,1331,1700
Alex Haley,1100,1701
Alex Haley,1069,1702
Alex Haley,1042,1703
Alex Haley,907,1704
Alex Haley,780,1705
Alex Haley,754,1706
Alex Haley,682,1707
Alex Haley,648,1708
Alex Haley,669,1709
Alex Haley,609,1710
Alex Haley,552,1711
Alex Haley,559,1712
Alex Haley,618,1713
Alex Haley,593,1714
Alex Haley,570,1715
Alex Haley,529,1716
Alex Haley,453,1717
Alex Haley,451,1718
Alex Haley,482,1719
Alex Haley,580,1720
Alex Haley,519,1721
Alex Haley,470,1722
Alex Haley,490,1723
Alex Haley,507,1724
Alex Haley,457,1725
Alex Haley,565,1726
Alex Haley,649,1727
Alex Haley,631,1728
Alex Haley,589,1729
Alex Haley,617,1730
Alex Haley,638,1731
Alex Haley,772,1732
Alex Haley,680,1733
Alex Haley,705,1734
Alex Haley,823,1735
Alex Haley,782,1736
Alex Haley,548,1737
Alex Haley,551,1738
Alex Haley,644,1739
Alex Haley,680,1740
Alex Haley,831,1741
Alex Haley,746,1742
Alex Haley,609,1743
Alex Haley,751,1744
Alex Haley,636,1745
Alex Haley,897,1746
Alex Haley,754,1747
Alex Haley,715,1748
Alex Haley,645,1749
Alex Haley,684,1750
Alex Haley,639,1751
Alex Haley,672,1752
Alex Haley,703,1753
Alex Haley,728,1754
Alex Haley,749,1755
Alex Haley,688,1756
Alex Haley,658,1757
Alex Haley,627,1758
Alex Haley,656,1759
Alex Haley,658,1760
Alex Haley,619,1761
Alex Haley,719,1762
Alex Haley,656,1763
Alex Haley,612,1764
Alex Haley,610,1765
Alex Haley,565,1766
Alex Haley,1018,1767
Alex Haley,767,1768
Alex Haley,761,1769
Alex Haley,796,1770
Alex Haley,623,1771
Alex Haley,587,1772
Alex Haley,631,1773
Alex Haley,569,1774
Alex Haley,586,1775
Alex Haley,634,1776
Alex Haley,607,1777
Alex Haley,634,1778
Alex Haley,616,1779
Alex Haley,644,1780
Alex Haley,642,1781
Alex Haley,607,1782
Alex Haley,594,1783
Alex Haley,605,1784
Alex Haley,684,1785
Alex Haley,724,1786
Alex Haley,530,1787
Alex Haley,631,1788
Alex Haley,601,1789
Alex Haley,622,1790
Alex Haley,694,1791
Alex Haley,645,1792
Alex Haley,586,1793
Alex Haley,613,1794
Alex Haley,847,1795
Alex Haley,942,1796
Alex Haley,1010,1797
Alex Haley,986,1798
Alex Haley,1128,1799
Alex Haley,1386,1800
Alex Haley,1261,1801
Alex Haley,1367,1802
Alex Haley,1368,1803
Alex Haley,1558,1804
Alex Haley,1587,1805
Alex Haley,1556,1806
Alex Haley,1659,1807
Alex Haley,1591,1808
Alex Haley,1414,1809
Alex Haley,1523,1810
Alex Haley,1558,1811
Alex Haley,1409,1812
Alex Haley,1314,1813
Alex Haley,1473,1814
Alex Haley,1369,1815
Alex Haley,1579,1816
Alex Haley,1740,1817
Alex Haley,1653,1818
Alex Haley,1477,1819
Alex Haley,1220,1820
Alex Haley,1187,1821
Alex Haley,1179,1822
Alex Haley,1126,1823
Alex Haley,1233,1824
Alex Haley,1344,1825
Alex Haley,1277,1826
Alex Haley,1190,1827
Alex Haley,1260,1828
Alex Haley,985,1829
Alex Haley,1855,1830
Alex Haley,1694,1831
Alex Haley,1426,1832
Alex Haley,1338,1833
Alex Haley,1226,1834
Alex Haley,1238,1835
Alex Haley,1040,1836
Alex Haley,977,1837
Alex Haley,1058,1838
Alex Haley,1087,1839
Alex Haley,947,1840
Alex Haley,922,1841
Alex Haley,910,1842
Alex Haley,869,1843
Alex Haley,810,1844
Alex Haley,870,1845
Alex Haley,956,1846
Alex Haley,878,1847
Alex Haley,781,1848
Alex Haley,723,1849
Alex Haley,744,1850
Alex Haley,679,1851
Alex Haley,910,1852
Alex Haley,1058,1853
Alex Haley,854,1854
Alex Haley,754,1855
Alex Haley,739,1856
Alex Haley,769,1857
Alex Haley,656,1858
Alex Haley,774,1859
Alex Haley,827,1860
Alex Haley,631,1861
Alex Haley,603,1862
Alex Haley,581,1863
Alex Haley,775,1864
Alex Haley,695,1865
Alex Haley,689,1866
Alex Haley,834,1867
Alex Haley,764,1868
Alex Haley,1970,1869
Alex Haley,871,1870
Alex Haley,680,1871
Alex Haley,620,1872
Alex Haley,661,1873
Alex Haley,760,1874
Alex Haley,634,1875
Alex Haley,673,1876
Alex Haley,575,1877
Alex Haley,596,1878
Alex Haley,849,1879
Alex Haley,792,1880
Alex Haley,837,1881
Alex Haley,653,1882
Alex Haley,608,1883
Alex Haley,590,1884
Alex Haley,614,1885
Alex Haley,678,1886
Alex Haley,672,1887
Alex Haley,670,1888
Alex Haley,659,1889
Alex Haley,574,1890
Alex Haley,522,1891
Alex Haley,580,1892
Alex Haley,540,1893
Alex Haley,579,1894
Alex Haley,726,1895
Alex Haley,755,1896
Alex Haley,615,1897
Alex Haley,486,1898
Alex Haley,575,1899
Alex Haley,529,1900
Alex Haley,585,1901
Alex Haley,586,1902
Alex Haley,598,1903
Alex Haley,649,1904
Alex Haley,567,1905
Alex Haley,615,1906
Alex Haley,530,1907
Alex Haley,489,1908
Alex Haley,582,1909
Alex Haley,498,1910
Alex Haley,510,1911
Alex Haley,533,1912
Alex Haley,546,1913
Alex Haley,533,1914
Alex Haley,534,1915
Alex Haley,607,1916
Alex Haley,569,1917
Alex Haley,517,1918
Alex Haley,491,1919
Alex Haley,558,1920
Alex Haley,469,1921
Alex Haley,479,1922
Alex Haley,495,1923
Alex Haley,586,1924
Alex Haley,530,1925
Alex Haley,546,1926
Alex Haley,453,1927
Alex Haley,452,1928
Alex Haley,525,1929
Alex Haley,618,1930
Alex Haley,614,1931
Alex Haley,516,1932
Alex Haley,534,1933
Alex Haley,519,1934
Alex Haley,438,1935
Alex Haley,480,1936
Alex Haley,629,1937
Alex Haley,552,1938
Alex Haley,513,1939
Alex Haley,547,1940
Alex Haley,511,1941
Alex Haley,497,1942
Alex Haley,483,1943
Alex Haley,655,1944
Alex Haley,661,1945
Alex Haley,500,1946
Alex Haley,457,1947
Alex Haley,522,1948
Alex Haley,500,1949
Alex Haley,478,1950
Alex Haley,460,1951
Alex Haley,549,1952
Alex Haley,1175,1953
Alex Haley,509,1954
Alex Haley,485,1955
Alex Haley,479,1956
Alex Haley,516,1957
Alex Haley,538,1958
Alex Haley,570,1959
Alex Haley,608,1960
Alex Haley,522,1961
Alex Haley,618,1962
Alex Haley,701,1963
Alex Haley,600,1964
Alex Haley,650,1965
Alex Haley,624,1966
Alex Haley,538,1967
Alex Haley,579,1968
Alex Haley,525,1969
Alex Haley,434,1970
Alex Haley,505,1971
Alex Haley,661,1972
Alex Haley,612,1973
Alex Haley,532,1974
Alex Haley,531,1975
Alex Haley,495,1976
Alex Haley,559,1977
Alex Haley,516,1978
Alex Haley,583,1979
Alex Haley,624,1980
Alex Haley,483,1981
Alex Haley,604,1982
Alex Haley,579,1983
Alex Haley,502,1984
Alex Haley,507,1985
Alex Haley,595,1986
Alex Haley,525,1987
Alex Haley,502,1988
Alex Haley,494,1989
Alex Haley,501,1990
Alex Haley,454,1991
Alex Haley,500,1992
Alex Haley,610,1993
Alex Haley,511,1994
Alex Haley,754,1995
Alex Haley,588,1996
Alex Haley,476,1997
Alex Haley,468,1998
Alex Haley,511,1999
Alex Haley,1345,2000
Alex Haley,645,2001
Alex Haley,614,2002
Alex Haley,561,2003
Alex Haley,455,2004
Alex Haley,524,2005
Alex Haley,651,2006
Alex Haley,756,2007
Alex Haley,784,2008
Alex Haley,673,2009
Alex Haley,690,2010
Alex Haley,582,2011
Alex Haley,621,2012
Alex Haley,717,2013
Alex Haley,754,2014
Alex Haley,675,2015
Alex Haley,864,2016
Alex Haley,627,2017
Alex Haley,569,2018
Alex Haley,625,2019
Alex Haley,656,2020
Alex Haley,700,2021
Alex Haley,663,2022
Alex Haley,586,2023
Alex Haley,576,2024
Alex Haley,607,2025
Alex Haley,712,2026
Alex Haley,1258,2027
Alex Haley,1501,2028
Alex Haley,1479,2029
Alex Haley,1256,2030
Alex Haley,940,2031
Alex Haley,831,2032
Alex Haley,836,2033
Alex Haley,1108,2034
Alex Haley,1347,2035
Alex Haley,980,2036
Alex Haley,994,2037
Alex Haley,929,2038
Alex Haley,918,2039
Alex Haley,2036,2040
Alex Haley,1506,2041
Alex Haley,1602,2042
Alex Haley,1420,2043
Alex Haley,3663,2044
Alex Haley,4785,2045
Alex Haley,1902,2046
Alex Haley,1648,2047
Alex Haley,1471,2048
Alex Haley,1992,2049
Alex Haley,1319,2050
Alex Haley,1369,2051
Alex Haley,1736,2052
Alex Haley,1334,2053
Alex Haley,1231,2054
Alex Haley,2006,2055
Alex Haley,3927,2056
Alex Haley,1690,2057
Alex Haley,1489,2058
Alex Haley,1414,2059
Alex Haley,1257,2060
Alex Haley,1250,2061
Alex Haley,1087,2062
Alex Haley,1952,2063
Alex Haley,1712,2064
Alex Haley,1311,2065
Alex Haley,1326,2066
Alex Haley,1193,2067
Alex Haley,1476,2068
Alex Haley,1373,2069
Alex Haley,2816,2070
Alex Haley,3534,2071
Alex Haley,1300,2072
Alex Haley,1079,2073
Alex Haley,974,2074
Alex Haley,988,2075
Alex Haley,1107,2076
Alex Haley,1274,2077
Alex Haley,921,2078
Alex Haley,886,2079
Alex Haley,809,2080
Alex Haley,752,2081
Alex Haley,827,2082
Alex Haley,807,2083
Alex Haley,971,2084
Alex Haley,768,2085
Alex Haley,786,2086
Alex Haley,715,2087
Alex Haley,692,2088
Alex Haley,713,2089
Alex Haley,636,2090
Alex Haley,748,2091
Alex Haley,697,2092
Alex Haley,780,2093
Alex Haley,715,2094
Alex Haley,648,2095
Alex Haley,704,2096
Alex Haley,732,2097
Alex Haley,738,2098
Alex Haley,685,2099
Alex Haley,686,2100
Alex Haley,650,2101
Alex Haley,577,2102
Alex Haley,568,2103
Alex Haley,753,2104
Alex Haley,729,2105
Alex Haley,598,2106
Alex Haley,649,2107
Alex Haley,748,2108
Alex Haley,851,2109
Alex Haley,622,2110
Alex Haley,703,2111
Alex Haley,630,2112
Alex Haley,590,2113
Alex Haley,632,2114
Alex Haley,527,2115
Alex Haley,598,2116
Alex Haley,600,2117
Alex Haley,583,2118
Alex Haley,727,2119
Alex Haley,652,2120
Alex Haley,551,2121
Alex Haley,644,2122
Alex Haley,981,2123
Alex Haley,805,2124
Alex Haley,809,2125
Alex Haley,1052,2126
Alex Haley,902,2127
Alex Haley,682,2128
Alex Haley,670,2129
Alex Haley,648,2130
Alex Haley,544,2131
Alex Haley,609,2132
Alex Haley,704,2133
Alex Haley,654,2134
Alex Haley,649,2135
Alex Haley,674,2136
Alex Haley,595,2137
Alex Haley,632,2138
Alex Haley,950,2139
Alex Haley,883,2140
Alex Haley,662,2141
Alex Haley,643,2142
Alex Haley,564,2143
Alex Haley,568,2144
Alex Haley,513,2145
Alex Haley,561,2146
Alex Haley,637,2147
Alex Haley,557,2148
Alex Haley,565,2149
Alex Haley,602,2150
Alex Haley,599,2151
Alex Haley,517,2152
Alex Haley,519,2153
Alex Haley,569,2154
Alex Haley,595,2155
Alex Haley,544,2156
Alex Haley,618,2157
Alex Haley,519,2158
Alex Haley,501,2159
Alex Haley,550,2160
Alex Haley,600,2161
Alex Haley,619,2162
Alex Haley,557,2163
Alex Haley,493,2164
Alex Haley,516,2165
Alex Haley,715,2166
Alex Haley,687,2167
Alex Haley,560,2168
Alex Haley,534,2169
Alex Haley,607,2170
Alex Haley,489,2171
Alex Haley,460,2172
Alex Haley,470,2173
Alex Haley,449,2174
Alex Haley,518,2175
Alex Haley,547,2176
Alex Haley,445,2177
Alex Haley,506,2178
Alex Haley,535,2179
Alex Haley,584,2180
Alex Haley,587,2181
Alex Haley,566,2182
Alex Haley,537,2183
Alex Haley,466,2184
Alex Haley,537,2185
Alex Haley,503,2186
Alex Haley,429,2187
Alex Haley,475,2188
Alex Haley,525,2189
Alex Haley,541,2190
Alex Haley,619,2191
Alex Haley,772,2192
Alex Haley,515,2193
Alex Haley,411,2194
Alex Haley,521,2195
Alex Haley,550,2196
Alex Haley,594,2197
Alex Haley,486,2198
Alex Haley,562,2199
Alex Haley,499,2200
Alex Haley,468,2201
Alex Haley,501,2202
Alex Haley,583,2203
Alex Haley,521,2204
Alex Haley,548,2205
Alex Haley,506,2206
Alex Haley,463,2207
Alex Haley,435,2208
Alex Haley,468,2209
Alex Haley,480,2210
Alex Haley,493,2211
Alex Haley,559,2212
Alex Haley,490,2213
Alex Haley,536,2214
Alex Haley,517,2215
Alex Haley,522,2216
Alex Haley,562,2217
Alex Haley,738,2218
Alex Haley,774,2219
Alex Haley,633,2220
Alex Haley,580,2221
Alex Haley,500,2222
Alex Haley,539,2223
Alex Haley,518,2224
Alex Haley,560,2225
Alex Haley,506,2226
Alex Haley,458,2227
Alex Haley,553,2228
Alex Haley,528,2229
Alex Haley,516,2230
Alex Haley,546,2231
Alex Haley,604,2232
Alex Haley,1024,2233
Alex Haley,2364,2234
Alex Haley,1557,2235
Alex Haley,1014,2236
Alex Haley,930,2237
Alex Haley,1004,2238
Alex Haley,877,2239
Alex Haley,643,2240
Alex Haley,602,2241
Alex Haley,613,2242
Alex Haley,728,2243
Alex Haley,682,2244
Alex Haley,671,2245
Alex Haley,579,2246
Alex Haley,574,2247
Alex Haley,554,2248
Alex Haley,489,2249
Alex Haley,481,2250
Alex Haley,585,2251
Alex Haley,740,2252
Alex Haley,730,2253
Alex Haley,565,2254
Alex Haley,518,2255
Alex Haley,503,2256
Alex Haley,463,2257
Alex Haley,485,2258
Alex Haley,532,2259
Alex Haley,576,2260
Alex Haley,542,2261
Alex Haley,530,2262
Alex Haley,510,2263
Alex Haley,458,2264
Alex Haley,464,2265
Alex Haley,528,2266
Alex Haley,571,2267
Alex Haley,484,2268
Alex Haley,484,2269
Alex Haley,458,2270
Alex Haley,519,2271
Alex Haley,490,2272
Alex Haley,544,2273
Alex Haley,513,2274
Alex Haley,561,2275
Alex Haley,472,2276
Alex Haley,441,2277
Alex Haley,485,2278
Alex Haley,503,2279
Alex Haley,563,2280
Alex Haley,545,2281
Alex Haley,549,2282
Alex Haley,497,2283
Alex Haley,446,2284
Alex Haley,417,2285
Alex Haley,435,2286
Alex Haley,536,2287
Alex Haley,489,2288
Alex Haley,497,2289
Alex Haley,457,2290
Alex Haley,469,2291
Alex Haley,450,2292
Alex Haley,428,2293
Alex Haley,486,2294
Alex Haley,542,2295
Alex Haley,734,2296
Alex Haley,548,2297
Alex Haley,510,2298
Alex Haley,423,2299
Alex Haley,478,2300
Alex Haley,576,2301
Alex Haley,495,2302
Alex Haley,443,2303
Alex Haley,405,2304
Alex Haley,506,2305
Alex Haley,433,2306
Alex Haley,467,2307
Alex Haley,635,2308
Alex Haley,582,2309
Alex Haley,489,2310
Alex Haley,455,2311
Alex Haley,438,2312
Alex Haley,487,2313
Alex Haley,570,2314
Alex Haley,572,2315
Alex Haley,467,2316
Alex Haley,433,2317
Alex Haley,427,2318
Alex Haley,422,2319
Alex Haley,381,2320
Alex Haley,360,2321
Alex Haley,487,2322
Alex Haley,452,2323
Alex Haley,469,2324
Alex Haley,471,2325
Alex Haley,436,2326
Alex Haley,403,2327
Alex Haley,409,2328
Alex Haley,516,2329
Alex Haley,424,2330
Alex Haley,431,2331
Alex Haley,515,2332
Alex Haley,597,2333
Alex Haley,472,2334
Alex Haley,480,2335
Alex Haley,441,2336
Alex Haley,450,2337
Alex Haley,789,2338
Alex Haley,579,2339
Alex Haley,447,2340
Alex Haley,463,2341
Alex Haley,493,2342
Alex Haley,494,2343
Alex Haley,431,2344
Alex Haley,398,2345
Alex Haley,377,2346
Alex Haley,447,2347
Alex Haley,487,2348
Alex Haley,463,2349
Alex Haley,481,2350
Alex Haley,441,2351
Alex Haley,434,2352
Alex Haley,544,2353
Alex Haley,508,2354
Alex Haley,440,2355
Alex Haley,481,2356
Alex Haley,845,2357
Alex Haley,550,2358
Alex Haley,476,2359
Alex Haley,568,2360
Alex Haley,511,2361
Alex Haley,579,2362
Alex Haley,639,2363
Alex Haley,975,2364
Alex Haley,1726,2365
Alex Haley,597,2366
Alex Haley,451,2367
Alex Haley,449,2368
Alex Haley,390,2369
Alex Haley,537,2370
Alex Haley,645,2371
Alex Haley,574,2372
Alex Haley,470,2373
Alex Haley,577,2374
Alex Haley,486,2375
Alex Haley,465,2376
Alex Haley,595,2377
Alex Haley,666,2378
Alex Haley,504,2379
Alex Haley,495,2380
Alex Haley,585,2381
Alex Haley,476,2382
Alex Haley,562,2383
Alex Haley,605,2384
Alex Haley,745,2385
Alex Haley,573,2386
Alex Haley,636,2387
Alex Haley,587,2388
Alex Haley,526,2389
Alex Haley,528,2390
Alex Haley,518,2391
Alex Haley,664,2392
Alex Haley,672,2393
Alex Haley,678,2394
Alex Haley,665,2395
Alex Haley,616,2396
Alex Haley,594,2397
Alex Haley,694,2398
Alex Haley,751,2399
Alex Haley,960,2400
Alex Haley,888,2401
Alex Haley,855,2402
Alex Haley,738,2403
Alex Haley,768,2404
Alex Haley,688,2405
Alex Haley,683,2406
Alex Haley,733,2407
Alex Haley,934,2408
Alex Haley,851,2409
Alex Haley,935,2410
Alex Haley,896,2411
Alex Haley,2473,2412
Alex Haley,1205,2413
Alex Haley,1116,2414
Alex Haley,1167,2415
Alex Haley,1248,2416
Alex Haley,1539,2417
Alex Haley,1372,2418
Alex Haley,806,2419
Alex Haley,821,2420
Alex Haley,829,2421
Alex Haley,978,2422
Alex Haley,920,2423
Alex Haley,1008,2424
Alex Haley,969,2425
Alex Haley,735,2426
Alex Haley,2093,2427
Alex Haley,1153,2428
Alex Haley,1094,2429
Alex Haley,998,2430
Alex Haley,924,2431
Alex Haley,852,2432
Alex Haley,846,2433
Alex Haley,764,2434
Alex Haley,988,2435
Alex Haley,732,2436
Alex Haley,610,2437
